batchId,batchName,iscurrent,batchStatus,univId,acId,batch
135,BTCH 2014-2018,1,1,1,2,2014-2018
134,BTAU 2014-2018,1,1,1,2,2014-2018
133,MCALE 2014-2016,0,1,0,2,2014-2016
132,MCADD 2014-2019,1,1,1,2,2014-2019
94,BTAU 2011-2015,0,1,0,0,2011-2015
95,BTCE 2011-2015,0,1,0,0,2011-2015
96,BTCS 2011-2015,0,1,0,0,2011-2015
97,BTEE 2011-2015,0,1,0,0,2011-2015
98,BTEC 2011-2015,0,1,0,0,2011-2015
99,BTIT 2011-2015,0,1,0,0,2011-2015
100,BTME 2011-2015,0,1,0,0,2011-2015
101,BTCE 2012-2016,0,1,1,0,2012-2016
130,MCA 2013-2016,0,1,1,1,2013-2016
103,BTAU 2012-2016,0,1,1,0,2012-2016
104,BTCS 2012-2016,0,1,1,0,2012-2016
105,BTEE 2012-2016,0,1,1,0,2012-2016
106,BTEC 2012-2016,0,1,1,0,2012-2016
107,BTIT 2012-2016,0,1,1,0,2012-2016
108,BTME 2012-2016,0,1,1,0,2012-2016
109,BTMT 2012-2016,0,1,1,0,2012-2016
129,MCA 2012-2015,0,1,0,0,2012-2015
111,BTCH 2013-2017,0,1,1,1,2013-2017
112,BTAU 2013-2017,0,1,1,1,2013-2017
113,BTCE 2013-2017,0,1,1,1,2013-2017
114,BTCS 2013-2017,0,1,1,1,2013-2017
115,BTEE 2013-2017,0,1,1,1,2013-2017
116,BTEC 2013-2017,0,1,1,1,2013-2017
117,BTIT 2013-2017,0,1,1,1,2013-2017
118,BTME 2013-2017,0,1,1,1,2013-2017
119,MTMD 2013-2015,0,1,0,1,2013-2015
120,MTSECM 2013-2015,0,1,0,1,2013-2015
121,MTCS 2013-2015,0,1,0,1,2013-2015
122,MTCE 2013-2015,0,1,0,1,2013-2015
123,MTES 2013-2015,0,1,0,1,2013-2015
124,MTPEPS 2013-2015,0,1,0,1,2013-2015
125,BTMT 2013-2017,0,1,1,1,2013-2017
131,MCA 2014-2017,1,1,1,2,2014-2017
127,DDMCA 2014-2019,0,1,1,2,2014-2019
136,BTCE 2014-2018,1,1,1,2,2014-2018
137,BTCS 2014-2018,1,1,1,2,2014-2018
138,BTME 2014-2018,1,1,1,2,2014-2018
139,BTEE 2014-2018,1,1,1,2,2014-2018
140,BTEC 2014-2018,1,1,1,2,2014-2018
141,BTMT 2014-2018,1,1,1,2,2014-2018
142,BTIT 2014-2018,1,1,1,2,2014-2018
143,RL,1,1,0,0,
144,BTMT 2015-2019,1,1,2,3,2015-2019
145,BTCH 2015-2019,1,1,2,3,2015-2019
146,BTCH 2014-2016,1,1,1,2,2014-2016
147,BTAU 2015-2019,1,1,2,3,2015-2019
148,BTCH 2015-2019,1,1,2,3,2015-2019
149,BTCE 2015-2019,1,1,2,3,2015-2019
150,BTCS 2015-2019,1,1,2,3,2015-2019
151,BTEC 2015-2019,1,1,2,3,2015-2019
152,BTME 2015-2019,1,1,2,3,2015-2019
189,BTEC 2016-2020,1,1,2,4,2016-2020
188,BTEE 2016-2020,1,1,2,4,2016-2020
187,BTCS 2016-2020,1,1,2,4,2016-2020
186,BTCE 2016-2020,1,1,2,4,2016-2020
185,BTCH 2016-2020,1,1,2,4,2016-2020
184,BTAU 2016-2020,1,1,2,4,2016-2020
182,MTES 2014-2016,1,1,1,2,2014-2016
183,MTCE 2014-2016,1,1,1,2,2014-2016
181,MTPEPS 2014-2016,1,1,1,2,2014-2016
165,BTEE 2015-2019,1,1,2,3,2015-2019
166,BTIT 2015-2019,1,1,2,3,2015-2019
167,MCA 2015-2018,1,1,1,3,2015-2018
168,MCA 2015-2018,1,1,1,3,2015-2018
169,MCALE 2015-2017,1,1,0,3,2015-2017
170,DDMCA 2015-2019,1,1,1,3,2015-2019
171,MTCE 2015-2017,1,1,2,3,2015-2017
172,MTES 2015-2017,1,1,2,3,2015-2017
173,MTPEPS 2015-2017,1,1,2,3,2015-2017
174,MTCASE 2015-2017,1,1,2,3,2015-2017
175,MTMD 2015-2017,1,1,2,3,2015-2017
176,MTCS 2015-2017,1,1,2,3,2015-2017
177,MTNT 2015-2017,1,1,2,3,2015-2017
178,MTSECM 2015-2017,1,1,2,3,2015-2017
179,MTNT 2015-2017,1,1,2,3,2015-2017
180,MTCS 2014-2016,0,1,1,2,2014-2016
190,BTIT 2016-2020,1,1,2,4,2016-2020
191,BTME 2016-2020,1,1,2,4,2016-2020
192,BTMT 2016-2020,1,1,2,4,2016-2020
193,MCAINT 2016-2021,1,1,2,4,2016-2021
194,MCA 2016-2019,1,1,2,4,2016-2019
195,MCALE 2016-2018,1,1,2,4,2016-2018
196,MTCS 2016-2018,1,1,2,4,2016-2018
197,MTPEPS 2016-2018,1,1,2,4,2016-2018
198,MTES 2016-2018,1,1,2,4,2016-2018
199,MTNT 2016-2018,1,1,2,4,2016-2018
200,MTCE 2016-2018,1,1,2,4,2016-2018
201,MTCASE 2016-2018,1,1,2,4,2016-2018
202,MTSECM 2016-2018,1,1,2,4,2016-2018
203,MCADD 2015-2020,1,1,1,4,2015-2020
204,MTMD 2016-2018,1,1,2,4,2016-2018
207,BTAU 2017-2021,1,1,2,5,2017-2021
208,BTCH 2017-2021,1,1,2,5,2017-2021
209,BTCE 2017-2021,1,1,2,5,2017-2021
210,BTCS 2017-2021,1,1,2,5,2017-2021
211,BTEE 2017-2021,1,1,2,5,2017-2021
212,BTEC 2017-2021,1,1,2,5,2017-2021
213,BTIT 2017-2021,1,1,2,5,2017-2021
214,BTME 2017-2021,1,1,2,5,2017-2021
215,BTMT 2017-2021,1,1,2,5,2017-2021
216,MCAINT 2017-2022,1,1,2,5,2017-2022
217,MTCS 2017-2019,1,1,2,5,2017-2019
218,MCALE 2017-2019,1,1,2,5,2017-2019
219,MTMD 2017-2019,1,1,2,5,2017-2019
220,MCA 2017-2020,1,1,2,5,2017-2020
221,MCA 2017-2020,1,1,2,5,2017-2020
222,MTPEPS 2017-2019,1,1,2,5,2017-2019
223,MTES 2017-2019,1,1,2,5,2017-2019
224,MTCE 2017-2019,1,1,2,5,2017-2019
225,MTSECM 2017-2019,1,1,2,5,2017-2019
226,MTCASE 2017-2019,1,1,2,5,2017-2019
227,MTNT 2017-2019,1,1,2,5,2017-2019
229,BTAU 2001-2005,1,1,1,NULL,2001-2005
230,BTAU 2002-2006,1,1,1,NULL,2002-2006
231,BTAU 2003-2007,1,1,1,NULL,2003-2007
232,BTAU 2004-2008,1,1,1,NULL,2004-2008
233,BTAU 2005-2009,1,1,1,NULL,2005-2009
234,BTAU 2006-2010,1,1,1,NULL,2006-2010
235,BTAU 2007-2011,1,1,1,NULL,2007-2011
236,BTAU 2008-2012,1,1,1,NULL,2008-2012
237,BTAU 2009-2013,1,1,1,NULL,2009-2013
238,BTAU 2010-2014,1,1,1,NULL,2010-2014
240,BTCE 2001-2005,1,1,1,NULL,2001-2005
241,BTCE 2002-2006,1,1,1,NULL,2002-2006
242,BTCE 2003-2007,1,1,1,NULL,2003-2007
243,BTCE 2004-2008,1,1,1,NULL,2004-2008
244,BTCE 2005-2009,1,1,1,NULL,2005-2009
245,BTCE 2006-2010,1,1,1,NULL,2006-2010
246,BTCE 2007-2011,1,1,1,NULL,2007-2011
247,BTCE 2008-2012,1,1,1,NULL,2008-2012
248,BTCE 2009-2013,1,1,1,NULL,2009-2013
249,BTCE 2010-2014,1,1,1,NULL,2010-2014
250,BTCS 2001-2005,1,1,1,NULL,2001-2005
251,BTCS 2002-2006,1,1,1,NULL,2002-2006
252,BTCS 2003-2007,1,1,1,NULL,2003-2007
253,BTCS 2004-2008,1,1,1,NULL,2004-2008
254,BTCS 2005-2009,1,1,1,NULL,2005-2009
255,BTCS 2006-2010,1,1,1,NULL,2006-2010
256,BTCS 2007-2011,1,1,1,NULL,2007-2011
261,BTEE 2001-2005,1,1,1,NULL,2001-2005
258,BTCS 2008-2012,1,1,1,NULL,2008-2012
259,BTCS 2009-2013,1,1,1,NULL,2009-2013
260,BTCS 2010-2014,1,1,1,NULL,2010-2014
262,BTEE 2002-2006,1,1,1,NULL,2002-2006
263,BTEE 2003-2007,1,1,1,NULL,2003-2007
264,BTEE 2004-2008,1,1,1,NULL,2004-2008
265,BTEE 2005-2009,1,1,1,NULL,2005-2009
266,BTEE 2006-2010,1,1,1,NULL,2006-2010
267,BTEE 2007-2011,1,1,1,NULL,2007-2011
268,BTEE 2008-2012,1,1,1,NULL,2008-2012
269,BTEE 2009-2013,1,1,1,NULL,2009-2013
270,BTEE 2010-2014,1,1,1,NULL,2010-2014
271,BTEC 2001-2005,1,1,1,NULL,2001-2005
272,BTEC 2002-2006,1,1,1,NULL,2002-2006
273,BTEC 2003-2007,1,1,1,NULL,2003-2007
274,BTEC 2004-2008,1,1,1,NULL,2004-2008
275,BTEC 2005-2009,1,1,1,NULL,2005-2009
276,BTEC 2006-2010,1,1,1,NULL,2006-2010
277,BTEC 2007-2011,1,1,1,NULL,2007-2011
278,BTEC 2008-2012,1,1,1,NULL,2008-2012
279,BTEC 2009-2013,1,1,1,NULL,2009-2013
280,BTEC 2010-2014,1,1,1,NULL,2010-2014
281,BTIT 2001-2005,1,1,1,NULL,2001-2005
282,BTIT 2002-2006,1,1,1,NULL,2002-2006
284,BTIT 2003-2007,1,1,1,NULL,2003-2007
285,BTIT 2004-2008,1,1,1,NULL,2004-2008
286,BTIT 2005-2009,1,1,1,NULL,2005-2009
287,BTIT 2006-2010,1,1,1,NULL,2006-2010
288,BTIT 2007-2011,1,1,1,NULL,2007-2011
289,BTIT 2008-2012,1,1,1,NULL,2008-2012
290,BTIT 2009-2013,1,1,1,NULL,2009-2013
291,BTIT 2010-2014,1,1,1,NULL,2010-2014
292,BTME 2001-2005,1,1,1,NULL,2001-2005
293,BTME 2002-2006,1,1,1,NULL,2002-2006
294,BTME 2003-2007,1,1,1,NULL,2003-2007
295,BTME 2004-2008,1,1,1,NULL,2004-2008
296,BTME 2005-2009,1,1,1,NULL,2005-2009
297,BTME 2005-2009,1,1,1,NULL,2005-2009
298,BTME 2006-2010,1,1,1,NULL,2006-2010
299,BTME 2007-2011,1,1,1,NULL,2007-2011
300,BTME 2008-2012,1,1,1,NULL,2008-2012
301,BTME 2009-2013,1,1,1,NULL,2009-2013
302,BTME 2010-2014,1,1,1,NULL,2010-2014
303,PhD 2017-2020,1,1,2,NULL,2017-2020
304,MCA 2010-2013,1,1,1,NULL,2010-2013
305,MCA 2009-2012,1,1,1,NULL,2009-2012
306,2011-2014,1,1,1,NULL,2011-2014
307,MCAINT 2018-2023,1,1,2,2,2018-2023
308,MCALE 2018-2020,1,1,2,2,2018-2020
309,MCA 2018-2021,1,1,2,2,2018-2021
310,BTCH 2018-2022,1,1,2,2,2018-2022
311,BTCE 2018-2022,1,1,2,2,2018-2022
312,BTCS 2018-2022,1,1,2,2,2018-2022
313,BTEE 2018-2022,1,1,2,2,2018-2022
314,BTEC 2018-2022,1,1,2,2,2018-2022
315,BTIT 2018-2022,1,1,2,2,2018-2022
316,BTME 2018-2022,1,1,2,2,2018-2022
317,BTMT 2018-2022,1,1,2,2,2018-2022
318,BTMA 2018-2022,1,1,2,2,2018-2022
319,MTMD 2018-2020,1,1,2,2,2018-2020
320,MTSECM 2018-2020,1,1,2,2,2018-2020
321,MTCASE 2018-2020,1,1,2,2,2018-2020
322,MTCS 2018-2020,1,1,2,2,2018-2020
323,MTCE 2018-2020,1,1,2,2,2018-2020
324,MTES 2018-2020,1,1,2,2,2018-2020
326,MTNT 2018-2020,1,1,2,2,2018-2020
327,MTPEPS 2018-2020,1,1,2,2,2018-2020
328,PhD 2019-22,1,1,2,9,2019-2022
329,2019-2024,1,1,2,9,2019-2024
330,2019-2022,1,1,2,9,2019-2022
331,2019-2023,1,1,2,9,2019-2023
332,2019-2021,1,1,2,9,2019-2021
