classId,className,branchId,batchId,semesterId,acid
1,MCA2012S5,68,129,19,5
2,MCA2013S3,68,130,18,5
3,MCA2014S1,68,131,17,5
4,MCADD2014S1,70,132,1,5
5,MCALE2014S1,69,133,23,5
6,BTAU2011S8,33,94,7,5
7,BTAU2012S6,33,103,5,5
8,BTAU2013S4,33,112,3,5
9,BTAU2014S1S2,33,135,8,5
10,BTCH2013S4,47,111,3,5
11,BTCH2014S1S2,47,134,8,5
12,BTCE2011S8A,34,95,7,5
13,BTCE2011S8B,34,95,7,5
14,BTCE2012S6A,34,101,5,5
15,BTCE2012S6B,34,101,5,5
16,BTCE2013S4A,34,113,3,5
17,BTCE2013S4B,34,113,3,5
18,BTCE2014S1S2A,34,136,8,5
19,BTCE2014S1S2B,34,136,8,5
20,BTCS2014S1S2A,35,137,8,5
21,BTCS2014S1S2B,35,137,8,5
22,BTCS2011S8A,35,96,7,5
23,BTCS2011S8B,35,96,7,5
24,BTCS2012S6A,35,104,5,5
25,BTCS2012S6B,35,104,5,5
26,BTCS2013S4A,35,114,3,5
27,BTCS2013S4B,35,114,3,5
28,BTEE2011S8,37,97,7,5
29,BTEE2012S6,37,105,5,5
30,BTEE2013S4,37,115,3,5
31,BTEE2014S1S2,37,139,8,5
32,BTEC2011S8A,36,98,7,5
33,BTEC2011S8B,36,98,7,5
34,BTEC2012S6A,36,106,5,5
35,BTEC2012S6B,36,106,5,5
36,BTEC2013S4A,36,116,3,5
37,BTEC2013S4B,36,116,3,5
38,BTEC2014S1S2A,36,140,8,5
39,BTEC2014S1S2B,36,140,8,5
40,BTIT2011S8,38,99,7,5
41,BTIT2012S6,38,107,5,5
42,BTIT2013S4,38,117,3,5
43,BTIT2014S1S2,38,142,8,5
44,BTMT2012S6,43,109,5,5
45,BTMT2013S4,43,125,3,5
46,BTMT2014S1S2,43,141,8,5
47,BTME2011S8A,39,100,7,5
48,BTME2011S8B,39,100,7,5
49,BTME2012S6A,39,108,5,5
50,BTME2012S6B,39,108,5,5
51,BTME2013S4A,39,118,3,5
52,BTME2013S4B,39,118,3,5
53,BTME2014S1S2A,39,138,8,5
54,BTME2014S1S2B,39,138,8,5
55,Removed List,0,0,0,9
56,MCADD2014S2,70,132,25,5
57,MCALE2014S4,69,133,27,4
58,MCA2014S2,68,131,13,5
59,MCA2013S4,68,130,12,5
60,MCA2012-2015,68,129,11,5
61,BTCS2014S3A ,35,137,2,6
62,BTCS2014S3B ,35,137,2,6
63,BTCS2013S5A ,35,114,4,7
64,BTCS2013S5B,35,114,4,4
65,BTCS2013S7A ,35,104,6,8
66,BTCS2013S7B ,35,104,4,8
67,BTCS2012S7A,35,104,6,4
68,BTCS2012S7B,35,104,6,4
69,BTAU2014S3,33,134,2,4
70,BTAU2014S5,33,112,4,4
71,BTAU2012S7,33,103,6,4
109,BTAU2015S1,33,147,29,4
73,BTAU2013S5,33,112,4,4
74,BTCE2014S3A,34,136,2,4
75,BTCE2014S3B,34,136,2,4
76,BTCE2013S5A,34,113,4,4
77,BTCE2013S5B,34,113,4,4
78,BTCE2012S7A,34,101,6,4
79,BTCE2012S7B,34,101,6,4
80,BTIT2014S3,38,142,2,4
81,BTIT2013S5,38,117,4,4
82,BTIT2012S7,38,107,6,4
83,BTME2014S3A,39,138,2,4
84,BTME2014S3B,39,138,2,4
85,BTME2013S5B,39,118,4,4
86,BTMT2015S1,43,144,29,4
87,BTMT2014S3,43,141,2,4
88,BTMT2013S5,43,125,4,4
89,BTMT2012S7,43,109,6,4
90,BTME2014S7,39,108,6,0
91,BTME2012S7B,39,108,6,4
92,BTEC2012S7A,36,106,6,4
93,BTEC2012S7B,36,106,6,4
94,BTEC2013S5A,37,116,4,0
95,BTEC2013S5B,36,116,4,4
96,BTEC2014S3A,36,140,2,4
97,BTEC2014S3B,37,140,2,0
98,BTME2012S7A,39,108,6,4
99,BTEEE2014S3,37,139,2,4
100,BTEEE2013S5,37,115,4,4
101,BTEEE2012S7,37,105,6,4
102,BTEC2014S3A,36,140,2,0
103,BTEC2014S3B,36,140,2,4
104,BTEC2013S5A,36,116,4,4
105,BTEC2013S5B,36,116,4,0
106,BTCH2014S3,47,146,2,4
107,BTCH2013S5,47,111,4,4
108,BTME2013S5A,39,118,4,4
110,BTCH2015S1,47,148,29,4
111,BTCE2015S1A,34,149,29,4
112,BTCE2015S1B,34,149,29,4
113,BTCS2015S1A,35,150,29,4
114,BTCS2015S1B,35,150,29,4
115,BTEC2015S1A,36,151,29,4
116,BTEC2015S1B,36,151,29,4
117,BTME2015S1A,39,152,29,4
118,BTME2015S1B,39,152,29,4
119,BTEE2015S1,37,165,29,4
120,BTEE2015S1,37,165,29,0
121,BTEE2015S1,37,165,29,0
122,BTEE2015S1,37,165,29,0
123,BTEE2015S1,37,165,29,0
124,BTIT2015S1,38,166,29,4
125,MCA2015S1,68,167,17,4
126,MCALE2015S3,69,169,18,3
128,MCADD2015S1,70,170,1,4
129,MTCE2015S1,41,171,29,4
130,MTES2015S1,48,172,14,4
131,MTPEPS2015S1,44,173,14,4
132,MTCASE2015S1,72,174,14,4
133,MTMD2015S1,45,175,14,4
134,MTCSE2015S1,42,176,14,4
135,MTNT2015S1,75,177,14,4
136,MTSECM2015S1,46,178,14,4
137,MTNT2015S1A,75,179,14,0
138,MCA2012S6,68,129,5,0
139,MTCS2014S3,42,180,15,4
142,MCA2013S5,68,130,19,4
143,MCA2014S3,68,131,18,4
144,MCALE2014S5,69,133,19,3
145,MTCE2015S2,41,171,10,4
146,MCADD2014S3,70,127,31,4
147,BTAU2015S2,33,147,32,4
148,BTME2015S2A,39,152,32,4
149,BTME2015S2B,39,152,32,4
150,BTCE2015S2A,34,149,32,4
151,BTCE2015S2B,34,149,32,4
152,BTIT2015S2,38,166,32,4
153,BTMT2015S2,43,144,32,4
154,BTCS2015S2A,35,150,32,4
155,BTCS2015S2B,35,150,32,4
156,BTEC2015S2A,36,151,32,4
157,BTEC2015S2B,36,151,32,4
158,BTEEE2015S2,37,165,32,4
161,MTCE2014S3,41,180,15,4
160,BTCH2015S2,47,148,32,4
162,2015 MCA Alumni,68,129,28,0
163,BTCS2014S4A,35,137,3,4
164,BTCS2014S4B,35,137,3,4
166,BTCS2013S6A,35,114,5,4
167,BTCS2013S6B,35,114,5,4
168,BTCS2012S8A,35,104,7,4
169,BTCS2012S8B,35,104,7,4
170,MTCSE2015S2,42,176,10,4
171,BTCH2014S4,47,135,3,4
172,BTCH2013S6,47,111,5,4
173,BTAU2013S6,33,112,5,4
174,BTMT2014S4,43,141,3,4
175,BTMT2013S6,43,125,5,4
176,BTMT2012S8,43,109,7,4
177,BTAU2012S8,33,103,7,4
180,BTIT2012S8,38,107,7,4
179,BTAU2014S4,33,134,3,4
181,BTIT2013S6,38,117,5,4
182,BTIT2014S4,38,142,3,4
183,BTEC2012S8A,36,106,7,4
184,BTEC2012S8B,36,106,7,4
185,BTEC2013S6A,36,116,5,4
186,BTEC2013S6B,36,116,5,4
187,BTEC2014S4A,36,140,3,4
188,BTEC2014S4B,36,140,3,4
189,BTCE2014S4A,34,136,3,4
190,BTCE2014S4B,34,136,3,4
191,BTCE2013S6A,34,113,5,4
192,BTCE2013S6B,34,113,5,4
193,BTCE2012S8A,34,101,7,4
194,BTCE2012S8B,34,101,7,4
195,BTME2013S6A,39,125,5,4
196,BTME2013S6B,39,118,5,4
197,BTME2014S4A,39,138,3,4
198,BTME2014S4B,39,138,3,4
199,BTME2012S8A,39,108,7,4
200,BTME2012S8B,39,108,7,4
201,MTMD2015S2,45,175,10,4
202,BTEEE2014S4,37,139,3,4
203,BTEEE2013S6,37,115,5,4
204,BTEEE2012S8,37,105,7,4
205,MTCASE2015S2,72,174,10,4
206,MTSECM2015S2,46,178,10,4
208,MTPEPS2015S2,44,173,10,4
209,MTES2015S2,48,172,10,4
210,MTCS2015S2,42,176,10,4
211,MTPEPS2014S3,44,181,15,4
212,MTES2014S3,48,182,15,4
213,MCADD2015S2,70,170,25,4
214,MTNT2015S2,75,177,10,4
215,MTCS2014S4,42,180,16,4
216,MCADD2014S4,70,132,33,4
217,MCA2015S2,68,168,13,4
218,MTCE2014S4,41,183,16,4
219,MCA2013-2016 ,68,130,11,7
220,MCALE2014-2016,69,133,11,3
221,MCALE2015S4,69,169,27,3
222,MCA2014S4 ,68,131,12,6
223,BTAU2016S1,33,184,29,3
224,BTCH2016S1,47,185,29,3
225,BTCE2016S1A,34,186,29,3
226,BTCE2016S1B,34,186,29,3
227,BTCS2016S1A,35,187,29,3
228,BTCS2016S1B,35,187,29,3
229,BTCS2016S1,37,188,29,0
230,BTEE2016-20,37,188,29,0
231,BTEC2016S1A,36,189,29,3
232,BTEC2016S1B,36,189,29,3
233,BTIT2016S1,38,190,29,3
234,BTME2016S1A,39,191,29,3
235,BTME2016S1B,39,191,29,3
236,BTMT2016S1,43,192,29,3
237,BTAU2015S3,33,147,2,3
238,BTAU2014S5,33,134,4,3
239,BTAU2013S7,33,112,6,3
240,BTCH2015S3,47,148,2,3
241,BTCH2014S5,47,135,4,3
242,BTCH2013S7,47,111,6,3
243,BTCE2015S3A,34,149,2,3
244,BTCE2015S3B,34,149,2,3
245,BTCE2014S5A,34,136,4,3
246,BTCE2014S5B,34,136,4,3
247,BTCE2013S7A,34,113,6,3
248,BTCE2013S7B,34,113,6,3
249,BTCS2015S3A,35,150,2,3
250,BTCS2015S3B,35,150,2,3
251,BTCS2015S5A,35,137,4,0
252,BTCS2014S5B,35,137,4,3
253,BTCS2014S5A,35,137,4,3
254,BTCS2013S7A,35,114,6,3
255,BTCS2013S7B,35,114,6,3
256,BTEE2015S3,37,165,2,3
257,BTEE2014S5,37,139,4,3
258,BTEE2013S7,37,115,6,3
259,BTEC2015S3A,36,151,2,3
260,BTEC2015S3B,36,151,2,3
261,BTEC2014S5A,36,140,4,3
262,BTEC2014S5B,36,140,4,3
263,BTEC2013S7A,36,116,6,3
264,BTEC2013S7B,36,116,6,3
265,BTIT2015S3,38,166,2,3
266,BTIT2014S5,38,142,4,3
267,BTIT2013S7,38,117,6,3
268,BTME2015S3A,39,152,2,3
269,BTME2015S3B,39,152,2,3
270,BTME2014S5A,39,138,4,3
271,BTME2014S5B,39,138,4,3
272,BTME2013S7A,39,118,6,3
273,BTME2013S7B,39,118,6,3
274,BTMT2015S3,43,144,2,3
275,BTMT2014S5,43,141,4,3
276,BTMT2013S7,43,125,6,3
277,BTEE2016S1,37,188,29,3
278,BTEE2016S1,37,188,29,0
279,MCA2016S1,70,0,17,0
280,MCAINT2016S1,70,193,35,3
281,MCA2016S1,68,194,17,3
282,MCALE2016S1,69,195,23,3
285,MTCASE2015S3,72,174,15,3
283,MCADD2014S5,70,127,34,3
284,MTCS2015S3,42,176,15,3
286,MTSECM2015S3,46,178,15,3
287,MTCS2016S1,42,196,14,3
288,MTPEPS2015S3,44,173,15,3
289,MTES2015S3,48,172,15,3
290,MTPEPS2016S1,44,197,14,3
291,MTES2016S1,48,198,14,3
292,MTNT2016S1,75,199,14,3
293,MTCE2015S3,41,171,15,3
294,MTCE2016S1,41,200,14,3
295,MTNT2015S3,75,179,15,3
296,MTCASE2016S1,72,201,14,3
297,MTSECM2016S1,46,202,14,3
298,MCADD2015S3,70,170,31,3
299,MTMD2016S1,45,204,14,3
300,MTMD2015S3,45,175,15,3
301,MCA2015S3,68,168,18,3
302,MCALE2015S5,69,169,26,1
303,MCA2014S5,68,131,19,3
304,MCAINT2016S2,70,193,37,3
305,MCALE2016S2,69,195,38,3
306,MCA2016S2,68,194,13,3
307,MCADD2015S4,70,203,33,3
308,MCADD2014S6,70,132,39,0
309,BTAU2016S2,33,184,32,3
310,BTAU2015S4,33,147,3,3
311,BTAU2014S6,33,134,5,3
312,BTAU2013S8,33,112,7,3
313,BTCH2016S2A,47,185,32,3
314,BTCH2015S4A,47,148,3,3
315,BTCH2014S6,47,135,5,3
316,BTCH2013S8,47,111,7,3
317,BTCE2016S2,34,186,32,0
318,BTCE2016S2A,34,186,32,3
319,BTCE2016S2B,34,186,32,3
320,BTCE2015S4A,34,149,3,3
321,BTCE2015S4B,34,149,3,3
322,BTCE2014S6A,34,136,5,3
323,BTCE2014S6B,34,136,5,3
324,BTCE2013S8A,34,111,7,3
325,BTCE2013S8B,34,113,7,3
326,BTCS2016S2A,35,187,32,3
327,BTCS2016S2B,35,187,32,3
328,BTCS2015S4A,35,150,3,3
329,BTCS2015S4B,35,150,3,3
330,BTCS2014S6A,35,140,5,3
331,BTCS2014S6B,35,137,5,3
332,BTCS2013S8A,35,114,7,3
333,BTCS2013S8B,35,114,7,3
334,BTEE2016S2,37,188,32,3
335,BTEE2015S4,37,165,3,3
336,BTEE2014S6,37,139,5,3
337,BTEE213S8,37,115,7,0
338,BTEE2013S8,37,115,7,3
339,BTEC2016S2A,36,189,32,3
340,BTEC2016S2B,36,189,32,3
341,BTEC2015S4A,36,151,3,3
342,BTEC2015S4B,36,151,3,3
343,BTEC2014S6A,36,140,5,3
344,BTEC2014S6B,36,140,5,3
345,BTEC2013S8B,36,116,7,3
346,BTEC2013S8A,36,116,7,3
347,BTIT2016S2,38,190,32,0
348,BTIT2016S2,38,190,32,3
349,BTIT2015S4,38,166,3,3
350,BTIT2013S8,38,117,7,3
351,BTIT2014S6,38,142,5,3
352,BTME2016S2A,39,191,32,3
353,BTME2016S2B,39,191,32,3
354,BTME2015S4A,39,152,3,3
355,BTME2015S4B,39,152,3,3
356,BTME2014S6A,39,138,5,3
357,BTME2014S6B,39,138,5,3
358,BTME2013S8A,39,118,7,3
359,BTME2013S8B,39,118,7,3
360,BTMT2016S2,43,192,32,3
361,BTMT2015S4,43,144,3,3
362,BTMT2014S6,43,141,5,3
363,BTMT2013S8,43,125,7,3
364,MTNT2016S2,75,199,10,3
365,MTCASE2015S3xxx,72,174,15,0
366,MTCASE2015S4,72,174,16,3
367,MTCASE2016S2,72,201,10,3
368,MTSECM2016S2,46,202,10,3
369,MTSECM2015S4,46,178,16,3
370,MTCS2016S2,42,196,10,3
371,MTCS2015S4,42,176,16,3
372,MTCE2016S2,41,200,10,3
373,MTCE2015S4,41,171,16,3
374,MTPEPS2016S2,44,197,10,3
375,MTPEPS2015S4,44,173,16,3
376,MTES2016S2,48,198,10,3
377,MTES2015S4,48,172,16,3
378,MTMD2016S2,45,204,10,3
379,MTMD2015S4,45,175,16,3
380,MCADD2014S6,70,132,39,3
381,MTNT2015S4,75,177,3,3
382,BTCH2016S2B,47,185,32,3
383,BTCH2015S4B,47,148,3,3
384,MCA2015S4,68,167,12,3
385,MCADD2015-20-S5,70,170,34,1
386,BTAU2014S7,33,134,6,1
387,BTAU2015S5,33,147,4,1
388,BTAU2016S3,33,184,2,1
389,BTAU2017S1,33,207,29,1
390,BTCE2014S7A,34,136,6,1
391,BTCH2017S1,47,208,29,1
392,BTCE2014S7B,34,136,6,1
393,BTCE2015S5A,34,149,4,1
394,BTCE2015S5B,34,149,4,1
395,BTCE2016S3A,34,186,2,1
396,BTCE2016S3B,34,186,2,1
397,BTCE2017S1A,34,209,29,1
398,BTCE2017S1B,34,209,29,1
399,BTCS2017S1A,35,210,29,1
400,BTCS2017S1B,35,210,29,1
401,BTEE2017S1,37,211,29,1
402,BTEC2017S1A,36,212,29,1
403,BTEC2017S1B,36,212,29,1
404,BTIT2017S1,38,213,29,1
405,BTME2017S1A,39,214,29,1
406,BTME2017S1B,39,214,29,1
407,BTEC2014S7A,36,140,6,1
408,BTMT2017S1,43,215,29,1
409,BTEC2014S7B,36,140,6,1
410,BTEC2015S5A,36,151,4,1
411,BTEC2015S5B,36,151,4,1
412,BTEC2016S3A,36,189,2,1
413,BTEC2016S3B,36,189,2,1
414,BTCH2014S7,47,135,6,1
415,BTCH2015S5,47,148,4,1
416,BTCH2016S3,36,185,2,0
417,BTCS2014S7A,35,137,6,1
418,BTCS2014S7B,35,137,6,1
419,BTCS2015S5A,35,150,4,1
420,BTCS2015S5B,35,150,4,1
421,BTCS2016S3A,35,187,2,1
422,BTCS2016S3B,35,187,2,1
423,BTEE2014S7,37,139,6,1
424,BTEE2015S5,37,165,4,1
425,BTEE2016S3,37,188,2,1
426,BTME2014S7A,39,138,6,1
427,BTME2014S7B,39,138,6,1
428,BTME2015S5A,39,152,4,1
429,BTME2015S5B,39,152,4,1
430,BTME2016S3A,39,191,2,1
431,BTME2016S3B,39,191,2,1
432,BTMT2014S7,43,141,6,1
433,BTMT2015S5,43,144,4,1
434,BTMT2016S3,43,192,2,1
435,BTIT2014S7,38,142,6,1
436,BTIT2015S5,38,166,4,1
437,BTIT2016S3,38,190,2,1
438,BTCH2015S5,47,148,4,1
439,BTCH2016S3,47,185,2,1
440,MCAINT2017S1,70,216,35,1
441,MCA2014-2017,68,131,11,1
442,MCALE2015-2017,69,169,40,1
443,MCAINT2016S3,70,193,41,1
444,MCALE2016S3,69,195,45,1
445,MTCS2017S1,42,217,14,1
446,MTCS2016S3,42,196,15,1
447,MTSECM2016S3,46,202,15,1
448,MTSECM2016S3,46,202,15,0
449,MTSECM2016S3,46,202,15,0
450,"MTCASE2016S3	",72,201,15,4
451,MCADD2014-19-S7,70,132,42,1
452,MTPEPS2016S3,44,197,15,1
453,MCA2017S1,68,0,17,0
454,MCALE2017S1,69,218,23,1
455,MTES2016S3,48,198,15,1
456,MTCE2016S3,41,200,15,1
457,MCA2016S3,68,194,18,1
458,MTNT2016S3,75,199,15,1
459,MTMD2017S1,45,219,14,1
460,MTMD2016S3,45,199,15,1
461,MCAREG2017S1,68,221,17,0
462,MCAREG2017S1,68,221,17,1
463,MTPEPS2017S1,44,222,14,1
464,MTES2017S1,48,223,14,1
465,MTCE2017S1,41,224,14,1
466,MTSECM2017S1,46,225,14,1
467,MTCASE2017S1,72,226,14,1
468,MTNT2017S1,75,227,14,1
469,MCA2015-18-S5,68,167,19,1
470,BTAU2014-18-S8,33,134,7,1
471,BTAU2015-19-S6,33,147,5,1
472,BTAU2016-20-S4,33,184,3,1
473,BTAU2017-21-S2,33,207,32,1
474,BTCE2014-18-S8A,34,136,7,1
475,BTCE2014-18-S8B,34,136,7,1
476,BTCE2015-19-S6A,34,149,5,1
477,BTCE2015-19-S6B,34,149,5,1
478,BTCE2016-20-S4A,34,186,3,1
479,BTCE2016-20-S4B,34,186,3,1
480,BTCE2017-21-S2A,34,209,32,1
481,BTCE2017-21-S2B,34,209,32,1
482,BTCH2014-18-S8,47,135,7,1
483,BTCH2015-19-S6,47,148,5,1
484,BTCH2016-20-S4,47,185,3,1
485,BTCH2017-21-S2,47,208,32,1
486,BTCS2014-18-S8A,35,137,7,1
487,BTCS2014-18-S8B,35,137,7,1
488,BTCS2015-19-S6A,35,150,5,1
489,BTCS2015-19-S6B,35,150,5,1
490,BTCS2016-20-S4A,35,187,3,1
491,BTCS2016-20-S4B,35,187,3,1
492,BTCS2017-21-S2A,35,210,32,1
493,BTCS2017-21-S2B,35,210,32,1
494,BTEC2014-18-S8A,36,140,7,1
495,BTEC2014-18-S8B,36,140,7,1
496,BTEC2015-19-S6A,36,151,5,1
497,BTEC2015-19-S6B,36,151,5,1
498,BTEC2016-20-S4A,36,189,3,1
499,BTEC2016-20-S4B,36,189,3,1
500,BTEC2017-21-S2A,36,212,32,1
501,BTEC2017-21-S2B,36,212,32,1
502,BTEE2014-18-S8,37,139,7,1
503,BTEE2015-19-S6,37,165,5,1
504,BTEE2016-20-S4,37,188,3,1
505,BTEE2017-21-S2,37,211,32,1
506,BTIT2014-18-S8,38,142,7,1
507,BTIT2015-19-S6,38,166,5,1
508,BTIT2016-20-S4,38,190,3,1
509,BTIT2017-21-S2,38,213,32,1
510,BTME2014-18-S8A,39,138,7,1
511,BTME2014-18-S8B,39,138,7,1
512,BTME2015S-19-S6A,39,152,5,1
513,BTME2015S-19-S6B,39,152,5,1
514,BTME2016-20-S4A,39,191,3,1
515,BTME2016-20-S4B,39,191,3,1
516,BTME2017-21-S2A,39,214,32,1
517,BTME2017-21-S2B,39,214,32,1
518,BTMT2014-18-S8,43,141,7,1
519,BTMT2015-19-S6,43,144,5,1
520,BTMT2016-20-S4,43,192,3,1
521,BTMT2017-21-S2,43,215,32,1
522,MCA2016-19-S4,68,194,12,1
523,MCADD2014-19-S8,70,132,43,1
524,MCADD2015-20-S6,70,170,39,1
525,MCAINT2016-21-S4,70,193,44,1
526,MCAINT2017-22-S2,70,216,37,1
527,MCALE2016-18-S4,69,195,27,1
528,MCALE2017-19-S2,69,218,38,1
529,MCA2017-20-S2,68,221,13,1
530,MTCASE2016-18-S4,72,201,16,1
531,MTCASE2017-19-S2,72,226,10,1
532,MTCE2016-18-S4,41,200,16,1
533,MTCE2017-19-S2,41,224,10,1
534,MTCS2016-18-S4,42,196,16,1
535,MTCS2017-19-S2,42,217,10,1
536,MTES2016-18-S4,48,198,16,1
537,MTES2017-19-S2,48,223,10,1
538,MTMD2016-18-S4,45,199,16,1
539,MTMD2017-19-S2,45,219,10,1
540,MTNT2016-18-S4,75,199,16,1
541,MTNT2017-19-S2,75,227,10,1
542,MTPEPS2016-18-S4,44,197,16,1
543,MTPEPS2017-19-S2,44,222,10,1
544,MTSECM2016-18-S4,46,202,16,0
545,MTSECM2017-19-S2,46,225,10,1
547,BTAU2001-05,33,229,28,0
548,BTAU2002-06,33,230,28,0
549,BTAU2003-07,33,231,28,0
550,BTAU2004-08,33,232,28,0
551,BTAU2005-09,33,233,28,0
552,BTAU2006-10,33,234,28,0
553,BTAU2007-11,33,235,28,0
554,BTAU2008-12,33,236,28,0
555,BTAU2009-13,33,237,28,0
556,BTAU2010-14,33,238,28,8
558,BTCE2001-05,34,240,28,0
559,BTCE2002-06,34,241,28,0
560,BTCE2003-07,34,242,28,0
561,BTCE2004-08,34,243,28,0
562,BTCE2005-09,34,244,28,0
563,BTCE2006-10,34,245,28,0
564,BTCE2007-11,34,246,28,0
565,BTCE2008-12,34,247,28,0
566,BTCE2009-13,34,248,28,0
567,BTCE2010-14,34,249,28,8
568,BTCS2001-05,35,250,28,0
569,BTCS2002-06,35,251,28,0
570,BTCS2003-07,35,252,28,0
571,BTCS2004-08,35,253,28,0
572,BTCS2005-09,35,254,28,0
573,BTCS2006-10,35,255,28,0
574,BTCS2007-11,35,256,28,0
580,BTEE2001-05,37,261,28,0
576,BTCS2008-12,35,258,28,0
577,BTCS2009-13,35,259,28,0
578,BTCS201014,35,260,28,0
579,BTCS2010-14,35,260,28,8
581,BTEE2002-06,37,262,28,0
582,BTEE2003-07,37,263,28,0
583,BTEE2004-08,37,264,28,0
584,BTEE2005-09,37,265,28,0
585,BTEE2006-10,37,266,28,0
586,BTEE2007-11,37,267,28,0
587,BTEE2008-12,37,268,28,0
588,BTEE2009-13,37,269,28,0
589,BTEE2010-14,37,270,28,8
590,BTEC2001-05,36,271,28,0
591,BTEC2002-06,36,272,28,0
592,BTEC2003-07,36,273,28,0
593,BTEC2004-08,36,274,28,0
594,BTEC2005-09,36,275,28,0
595,BTEC2006-10,36,276,28,0
596,BTEC2007-11,36,277,28,0
597,BTEC2008-12,36,278,28,0
598,BTEC2009-13,36,279,28,0
599,BTEC2010-14,36,280,28,8
600,BTIT2001-05,38,281,28,0
601,BTIT2002-06,38,282,28,0
602,BTIT2002-06,38,283,28,0
603,BTIT2003-07,38,284,28,0
604,BTIT2004-08,38,285,28,0
605,BTIT2005-09,38,286,28,0
606,BTIT2006-10,38,287,28,0
607,BTIT2007-11,38,288,28,0
608,BTIT2008-12,38,289,28,0
609,BTIT2009-13,38,290,28,0
610,BTIT2010-14,38,291,28,8
611,BTME2001-05,39,292,28,0
612,BTME 2002-2006,39,293,28,0
613,BTME 2002-2006,39,293,28,0
614,BTME 2003-2007,39,294,28,0
615,BTME 2004-2008,39,295,28,0
616,BTME 2005-2009,39,297,28,0
617,BTME 2006-2010,39,298,28,0
618,BTME 2007-2011,39,299,28,0
619,BTME 2008-2012,39,300,28,0
620,BTME 2009-2013,39,301,28,0
621,BTME 2010-2014,39,302,28,8
622,PhD EEE 2017-20 S1,76,303,48,2
623,MCA2010-2013,68,304,28,8
624,MCA2009-2012,68,305,28,0
625,MCA2011-2014,68,306,28,7
626,MCA2015-18-S6,68,167,11,2
627,MCA2016-19-S5,68,194,19,2
628,MCAINT2017-22-S3,70,216,41,2
629,MCALE2017-19-S3,69,218,45,2
630,MCA2017-20-S3,68,221,18,2
631,MCAINT2016-21-S5,70,193,46,2
632,BTMA2017-21-S3,33,207,2,2
633,BTMA2016-20-S5,33,184,4,2
634,BTMA2015-19-S7,33,147,6,2
635,MCAINT2018-23-S1,70,307,35,2
636,MCALE2018-20-S1,69,308,23,2
637,MCA2018-21-S1,68,309,17,2
638,BTCH2017-21-S3,47,208,2,2
639,BTCH2016-20-S5,47,185,4,2
640,BTCH2015-19-S7,47,148,6,2
641,BTCE2017-21-S3A,34,209,2,2
642,BTCE2017-21-S3B,34,209,2,2
643,BTCE2016-20-S5A,34,186,4,2
644,BTCE2016-20-S5B,34,186,4,2
645,BTCE2015-19-S7A,34,149,6,2
646,BTCE2015-19-S7B,34,149,6,2
647,BTCS2017-21-S3A,35,210,2,2
648,BTCS2017-21-S3B,35,210,2,2
649,BTCS2016-20-S5A,35,187,4,2
650,BTCS2016-20-S5B,35,187,4,2
651,BTCS2015-19-S7A,35,150,6,2
652,BTCS2015-19-S7B,35,150,6,2
653,BTEE2017-21-S3,37,211,2,2
654,BTEE2016-20-S5,37,188,4,2
655,BTEE2015-19-S7,37,165,6,2
656,BTEC2017-21-S3A,36,212,2,2
657,BTEC2017-21-S3B,36,212,2,2
658,BTEC2016-20-S5A,36,189,4,2
659,BTEC2016-20-S5B,36,189,4,2
660,BTEC2015-19-S7A,36,151,6,2
661,BTEC2015-19-S7B,36,151,6,2
662,BTIT2017-21-S3,38,213,2,2
663,BTIT2016-20-S5,38,190,4,2
664,BTIT2015-19-S7,38,166,6,2
665,BTME2017-21-S3B,39,214,2,2
666,BTME2017-21-S3A,39,214,2,2
667,BTME2016-20-S5B,39,191,4,2
668,BTME2016-20-S5A,39,191,4,2
669,BTME2015-19-S7A,39,152,6,2
670,BTME2015-19-S7B,39,152,6,2
671,BTMT2017-21-S3,43,215,2,2
672,BTMT2016-20-S5,43,192,4,2
673,BTMT2015-19-S7,43,144,6,2
674,BTCH2018-22-S1,47,310,29,2
675,BTCE2018-22-S1A,34,311,29,2
676,BTCE2018-22-S1B,34,311,29,2
677,BTCS2018-22-S1A,35,312,29,2
678,BTCS2018-22-S1B,35,312,29,2
679,BTEE2018-22-S1,37,313,29,2
680,BTEC2018-22-S1A,36,314,29,2
692,BTEC2018-22-S1B,36,314,29,2
682,BTIT2018-22-S1,38,315,29,2
683,BTME2018-22-S1A,39,316,29,2
684,BTME2018-22-S1B,39,316,29,2
685,BTMT2018-22-S1,43,317,29,2
686,BTMA2018-22-S1,33,318,29,2
687,MCADD2014-19-S9,70,132,49,2
688,MCADD2015-20-S7,70,170,42,2
689,MTES2017-19-S3,44,223,15,2
691,MTPEPS2017-19-S3,44,222,15,2
693,MTMD2017-19-S3,45,219,15,2
694,MTMD2018-20-S1,45,319,14,2
695,MTSECM2017-19-S3,46,225,15,2
696,MTSECM2018-20-S1,46,320,14,2
697,MTCASE2017-19-S3,72,226,15,2
698,MTCASE2018-20-S1,72,321,14,2
699,MTCS2017-19-S3,42,217,15,2
700,MTCS2018-20-S1,42,322,14,2
701,MTCE2017-19-S3,41,224,15,2
702,MTCE2018-20-S1,41,323,14,2
703,MTES2018-20-S1,48,324,14,2
705,MTNT2017-19-S3,75,227,15,2
706,MTNT2018-20-S1,75,326,14,2
707,MTPEPS2018-20-S1,44,327,14,2
708,Non Departmental,NULL,NULL,7,2
709,MCA2016-19-S6,68,194,11,2
710,MCA2017-20-S4,68,221,12,2
727,BTCH2017-21-S4,47,208,3,2
712,MCA2018-21-S2,68,309,13,2
713,MCAINT2017-22-S4,70,216,44,2
726,BTCH2016-20-S6,47,185,5,2
715,MCAINT2016-21-S6,70,193,47,2
716,MCAINT2018-23-S2,70,307,37,2
717,MCALE2017-19-S4,69,218,27,2
718,MCALE2018-20-S2,69,308,38,2
725,BTCH2015-19-S8,47,148,7,2
724,MCADD2015-20-S8,70,170,43,2
728,BTMT2018-22-S2,43,317,32,2
729,BTCH2018-22-S2,47,310,32,2
730,BTMT2017-21-S4,43,215,3,2
731,BTMT2016-20-S6,43,192,5,2
732,BTMA2015-19-S8,33,147,7,2
733,BTMA2016-20-S6,33,184,5,2
734,BTMA2017-21-S4,33,207,3,2
735,BTMT2015-19-S8,43,144,7,2
736,BTMA2018-22-S2,33,318,32,2
737,BTME2018-22-S2A,39,316,32,2
738,BTME2018-22-S2B,39,316,32,2
739,BTME2017-21-S4A,39,214,3,2
740,BTME2017-21-S4B,39,214,3,2
741,BTME2016-20-S6A,39,191,5,2
742,BTCE2015-19-S8A,34,149,7,2
743,BTME2016-20-S6B,39,191,5,2
744,BTCE2015-19-S8B,34,149,7,2
745,BTME2015-19-S8A,39,152,7,2
746,BTCE2016-20-S6A,34,186,5,2
747,BTME2015-19-S8B,39,152,7,2
748,BTCE2016-20-S6B,34,186,5,2
749,BTCE2017-21-S4A,34,209,3,2
750,BTCE2017-21-S4B,34,209,3,2
751,BTIT2018-22-S2,38,315,32,2
752,BTCE2018-22-S2A,34,311,32,2
753,BTIT2017-21-S4,38,213,3,2
754,BTCE2018-22-S2B,34,311,32,2
755,BTIT2016-20-S6,38,190,5,2
756,BTIT2015-19-S8,38,166,7,2
757,MTNT2018-20-S2,75,326,10,2
758,BTEE2015-19-S8,37,165,7,2
759,BTEE2016-20-S6,37,188,5,2
760,BTEE2017-21-S4,37,211,3,2
761,BTCS2018-22-S2A,35,312,32,2
762,BTCS2018-22-S2B,35,312,32,2
763,BTCS2017-21-S4A,35,210,3,2
764,BTEE2018-22-S2,37,313,32,2
765,BTCS2017-21-S4B,35,210,3,2
766,BTCS2016-20-S6A,35,187,5,2
767,BTCS2016-20-S6B,35,187,5,2
768,BTCS2015-19-S8A,35,150,7,2
769,BTCS2015-19-S8B,35,150,7,2
770,MTNT2017-19-S4,75,227,16,2
771,BTEC2018-22-S2A,36,314,32,2
772,BTEC2018-22-S2B,36,314,32,2
773,BTEC2015-19-S8A,36,151,7,2
774,BTEC2015-19-S8B,36,151,7,2
775,BTEC2017-21-S4A,36,212,3,2
776,BTEC2017-21-S4B,36,212,3,2
777,BTEC2016-20-S6A,36,189,5,2
778,BTEC2016-20-S6B,36,189,5,2
779,MCADD2014-19-S10,70,132,50,2
780,MTSECM2017-19-S4,46,225,16,2
781,MTSECM2018-20-S2,46,320,10,2
782,MTCASE2017-19-S4,72,226,16,2
783,MTCASE2018-20-S2,72,321,10,2
784,MTCE2017-19-S4,41,224,16,2
785,MTCE2018-20-S2,41,323,10,2
786,MTCS2017-19-S4,42,217,16,2
787,MTCS2018-20-S2,42,322,10,2
788,MTPEPS2017-19-S4,44,222,16,2
789,MTPEPS2018-20-S2,44,327,10,2
790,MTES2018-20-S2,48,324,10,2
791,MTES2017-19-S4,48,223,16,2
792,MTMD2017-19-S4,45,219,16,2
793,MTMD2018-20-S2,45,319,10,9
794,PhDBS2019-22S1,77,328,48,9
795,MCADD2015-20-S9,70,203,49,9
796,MCAINT2018-23-S3,70,307,41,9
797,MCALE2018-20-S3,69,308,45,9
798,MCAINT2016-21-S7,70,193,53,9
799,MCA2017-20-S5,68,221,19,9
800,MCA2018-21-S3,68,309,18,9
801,MCAINT2017-22-S5,70,216,46,9
802,BTMA2017-21-S5,33,207,4,9
853,BTCE2016-20-S7A,34,186,6,9
833,BTEC2019-23-S1B,36,331,29,9
826,BTCH2019-23-S1,47,331,29,9
803,BTCS2016-20-S7B,35,187,6,9
804,BTCS2016-20-S7A,35,187,6,9
805,BTCS2017-21-S5A,35,210,4,9
806,BTCS2017-21-S5B,35,210,4,9
807,MTCS2018-20-S3,42,322,15,9
808,BTCS2018-22-S3B,35,312,2,9
809,BTCS2018-22-S3A,35,312,2,9
810,MCAINT2019-24-S1,70,329,35,9
811,MCA2019-22-S1 A,68,330,17,9
812,BTEC2016-20-S7A,36,189,6,9
813,BTEC2016-20-S7B,36,189,6,9
814,BTEC2017-21-S5A,36,212,4,9
815,BTEC2017-21-S5B,36,212,4,9
816,BTEC2018-22-S3A,36,314,2,9
817,BTEC2018-22-S3B,36,314,2,9
818,MTCE2018-20-S3,41,323,15,9
819,BTCH2017-21-S5,47,208,4,9
820,BTCH2016-20-S7,47,185,6,9
821,MTNT2018-20-S3,75,326,15,9
822,BTCH2018-22-S3,47,310,2,9
823,BTIT2018-22-S3,38,315,2,9
824,BTIT2016-20-S7,38,190,6,9
825,BTIT2017-21-S5,38,213,4,9
827,BTCE2019-23-S1A,34,331,29,9
828,BTCE2019-23-S1B,34,331,29,9
829,BTCS2019-23-S1A,35,331,29,9
830,BTCS2019-23-S1B,35,331,29,9
831,BTEE2019-23-S1,37,331,29,9
832,BTEC2019-23-S1A,36,331,29,9
834,BTIT2019-23-S1,38,331,29,9
835,BTME2019-23-S1A,39,331,29,9
836,BTME2019-23-S1B,39,331,29,9
837,BTMA2019-23-S1,33,331,29,9
838,BTMT2019-23-S1,43,331,29,9
860,MTCASE2018-20-S3,72,321,15,9
841,BTFE2019-23-S1,78,331,29,9
842,BTMA2016-20-S7,33,184,6,9
843,BTMA2018-22-S3,33,318,2,9
844,BTMT2016-20-S7,43,192,6,9
845,BTMT2017-21-S5,43,215,4,9
846,BTMT2018-22-S3,43,317,2,9
847,BTME2016-20-S7A,39,191,6,9
848,BTME2016-20-S7B,39,191,6,9
849,BTME2017-21-S5A,39,214,4,9
850,BTME2017-21-S5B,39,214,4,9
851,BTME2018-22-S3A,39,316,2,9
852,BTME2018-22-S3B,39,316,2,9
854,BTCE2016-20-S7B,34,186,6,9
855,BTCE2017-21-S5A,34,209,4,9
856,BTCE2017-21-S5B,34,209,4,9
857,BTCE2018-22-S3A,34,311,2,9
858,BTCE2018-22-S3B,34,311,2,9
859,MTSECM2018-20-S3,46,320,15,9
861,,38,166,-1,9
862,BTEE2018-22-S3,37,313,2,9
863,BTEE2016-20-S7,37,188,6,9
864,BTEE2017-21-S5,37,211,4,9
865,MTES2018-20-S3,48,324,15,9
866,MTPEPS2018-20-S3,44,327,15,9
867,MTCE2019-21-S1,41,332,14,9
868,MTMD2018-20-S3,45,319,15,9
869,MTMD2019-21-S1,45,332,14,9
870,MTCS2019-21 S1 A,42,332,14,9
871,MTCASE2019S1,72,332,14,9
872,MTSECM2019S1,46,332,14,9
873,MTNT2019-21-S1,75,332,14,9
874,MCA2019-21-S1,69,330,17,9
876,Non Departmental,NULL,NULL,7,9
