semsubId,semesterId,subId,subjectCode,semsubType
1,17,963,RLMCA133,Lab
2,17,41,RLMCA131,Lab
3,17,965,RLMCA105,Theory
4,17,962,RLMCA109,Theory
5,17,964,RLMCA103,Theory
6,17,43,RLMCA107,Theory
7,17,37,RLMCA101,Theory
8,13,915,RLMCA134,Lab
9,13,1009,RLMCA132,Lab
10,13,240,RLMCA112,Theory
11,13,912,RLMCA104,Theory
12,13,415,RLMCA102,Theory
13,13,4,RLMCA106,Theory
14,13,8,RLMCA108,Theory
15,18,47,RLMCA231,Lab
16,18,968,RLMCA233,Lab
17,18,9,RLMCA201,Theory
18,18,44,RLMCA205,Theory
19,18,420,RLMCA207,Theory
20,18,245,RLMCA203,Theory
21,18,967,RLMCA209,Theory
22,23,47,RLMCA231,Lab
23,23,968,RLMCA233,Lab
24,23,9,RLMCA201,Theory
25,23,44,RLMCA205,Theory
26,23,420,RLMCA207,Theory
27,23,245,RLMCA203,Theory
28,23,967,RLMCA209,Theory
29,44,1317,INMCA202,Theory
30,44,1318,INMCA204,Theory
31,44,1319,INMCA206,Theory
32,44,1320,INMCA208,Theory
33,44,1321,INMCA212,Theory
34,44,1322,INMCA232,Lab
35,44,1323,INMCA234,Lab
36,38,1019,RLMCA234,Lab
37,38,1018,RLMCA232,Lab
38,38,1010,RLMCA202,Theory
39,38,1011,RLMCA204,Theory
40,38,1793,RLMCA266,Elective
41,38,1013,RLMCA208,Theory
42,38,1012,RLMCA206,Theory
43,12,1019,RLMCA234,Lab
44,12,1018,RLMCA232,Lab
45,12,1010,RLMCA202,Theory
46,12,1011,RLMCA204,Theory
47,12,1793,RLMCA266,Elective
48,12,1013,RLMCA208,Theory
49,12,1012,RLMCA206,Theory
50,46,1324,INMCA301,Theory
51,46,1325,INMCA303,Theory
52,46,1326,INMCA305,Theory
53,46,1327,INMCA307,Theory
54,46,1328,INMCA309,Theory
55,46,1329,INMCA331,Lab
56,46,1330,INMCA333,Lab
57,19,393,RLMCA351,Mini Project
58,19,256,RLMCA341,Seminar
59,19,975,RLMCA381,Elective
60,19,497,RLMCA305,Theory
61,19,1028,RLMCA303,Theory
62,19,1240,RLMCA369,Elective
63,19,1243,RLMCA301,Theory
64,45,393,RLMCA351,Mini Project
65,45,256,RLMCA341,Seminar
66,45,975,RLMCA381,Elective
67,45,497,RLMCA305,Theory
68,45,1028,RLMCA303,Theory
69,45,1240,RLMCA369,Elective
70,45,1243,RLMCA301,Theory
71,47,1331,INMCA302,Theory
72,47,1332,INMCA304,Theory
73,47,1333,INMCA306,Theory
74,47,1334,INMCA308,Theory
75,47,1335,INMCA312,Theory
76,47,1336,INMCA332,Lab
77,47,1337,INMCA334,Lab
78,27,1338,RLMCA352,Final Project
80,11,1338,RLMCA352,Final Project
81,3,547,AU232,Lab
82,3,1034,AU234,Lab
83,3,1032,AU202,Theory
84,3,476,AU206,Theory
85,3,546,AU208,Theory
86,3,1033,AU204,Theory
87,3,1066,HS200,Theory
88,3,1066,HS210,Theory
89,3,1031,MA202,Theory
90,3,30,CE234,Lab
91,3,75,CE232,Lab
92,3,1083,CE204,Theory
93,3,1084,CE206,Theory
94,3,79,CE208,Theory
97,3,81,CE202,Theory
98,3,440,CH232,Lab
99,3,1089,CH234,Lab
100,3,1192,CH204,Theory
101,3,1088,CH208,Theory
102,3,1087,CH206,Theory
103,3,1086,CH202,Theory
106,3,1080,CS234,Lab
107,3,1079,CS232,Lab
108,3,240,CS202,Theory
109,3,1078,CS206,Theory
110,3,4,CS204,Theory
111,3,1059,CS208,Theory
112,3,1077,EC232,Lab
113,3,1076,EC230,Lab
114,3,1075,EC208,Theory
115,3,1074,EC204,Theory
116,3,38,EC206,Theory
117,3,1073,MA204,Theory
118,3,146,EC202,Theory
119,3,150,EE232,Lab
120,3,1063,EE204,Theory
121,3,1064,EE206,Theory
122,3,1065,EE208,Theory
123,3,1062,EE202,Theory
126,3,1067,EE234,Lab
127,3,1060,IT234,Lab
128,3,1009,IT232,Lab
129,3,1057,IT202,Theory
130,3,1058,IT204,Theory
133,3,889,ME230,Lab
134,3,1051,ME232,Lab
135,3,278,ME202,Theory
136,3,1049,ME206,Theory
137,3,1050,ME220,Theory
138,3,1048,ME204,Theory
141,3,116,MT202,Theory
142,3,470,MT234,Lab
143,3,1191,MT232,Lab
144,3,1041,MT204,Theory
145,3,465,MT208,Theory
146,3,1042,MT206,Theory
147,3,1040,MA206,Theory
148,37,1021,INMCA132,Lab
149,37,1025,INMCA134,Lab
150,37,38,INMCA106,Theory
151,37,1194,INMCA104,Theory
152,37,1023,INMCA112,Theory
153,37,1020,INMCA108,Theory
154,37,15,INMCA102,Theory
155,5,1236,AU364,Elective
156,5,1349,ME332,Lab
157,5,1350,AU332,Lab
158,5,1235,AU302,Theory
159,5,120,ME304,Theory
160,5,475,ME302,Theory
161,5,1351,ME314,Theory
162,5,43,HS300,Theory
163,5,1352,AU352,Comprehensive Exam
164,5,277,ME374,Elective
165,5,1353,ME368,Elective
166,5,1354,AU362,Elective
168,5,1356,AU366,Elective
169,5,91,CE332,Lab
170,5,86,CE304,Theory
171,5,84,CE302,Theory
172,5,89,CE368,Elective
173,5,510,CE308,Theory
174,5,1357,CE306,Theory
175,5,1358,CE362,Elective
176,5,1359,CE364,Elective
177,5,1360,CE366,Elective
178,5,1361,CE372,Elective
179,5,1362,CE374,Elective
180,5,1363,CE334,Lab
181,5,1364,CH352,Comprehensive Exam
183,5,904,CH332,Lab
184,5,1090,CH308,Theory
185,5,442,CH306,Theory
186,5,445,CH302,Theory
187,5,1366,CH304,Theory
188,5,1367,CH312,Theory
189,5,1368,CH362,Elective
190,5,1369,CH364,Elective
191,5,1370,CH366,Elective
192,5,1371,CH368,Elective
193,5,1372,CH372,Elective
194,5,1373,CH374,Elective
195,5,1374,CH334,Lab
196,5,1375,CS352,Comprehensive Exam
197,5,917,CS332,Lab
198,5,1056,CS334,Lab
199,5,1376,CS304,Theory
200,5,9,CS306,Theory
201,5,1377,CS302,Theory
202,5,1378,CS308,Theory
203,5,1379,CS362,Elective
204,5,1380,CS364,Elective
205,5,1381,CS366,Elective
206,5,1382,CS368,Elective
207,5,1383,CS372,Elective
208,5,1384,EC352,Comprehensive Exam
209,5,1250,EC334,Lab
210,5,173,EC304,Theory
211,5,1385,EC302,Theory
212,5,1386,EC306,Theory
213,5,1387,EC308,Theory
214,5,1388,EC312,Theory
215,5,1389,EC362,Elective
216,5,1390,EC364,Elective
217,5,1391,EC366,Elective
218,5,1392,EC368,Elective
219,5,1393,EC370,Elective
220,5,1394,EC332,Lab
221,5,1395,EE352,Comprehensive Exam
222,5,555,EE306,Theory
223,5,1396,EE302,Theory
224,5,1397,EE304,Theory
225,5,1398,EE308,Theory
226,5,1399,EE362,Elective
227,5,1400,EE364,Elective
228,5,1401,EE366,Elective
229,5,1402,EE368,Elective
230,5,1403,EE372,Elective
231,5,1404,EE332,Lab
232,5,1405,EE334,Lab
233,5,1406,IT352,Comprehensive Exam
234,5,1407,IT334,Lab
235,5,1408,IT332,Lab
236,5,1409,IT302,Theory
238,5,1411,IT304,Theory
239,5,1412,IT306,Theory
240,5,1413,IT362,Elective
241,5,1414,IT364,Elective
242,5,1415,IT366,Elective
243,5,1416,IT368,Elective
244,5,1417,MA362,Elective
246,5,1419,ME334,Lab
247,5,1420,ME352,Comprehensive Exam
248,5,1421,ME308,Theory
250,5,1423,ME362,Elective
251,5,1424,ME364,Elective
252,5,1425,ME366,Elective
253,5,1426,ME372,Elective
254,5,1427,ME376,Elective
255,5,1428,ME306,Theory
256,5,1429,ME312,Theory
257,5,451,MT312,Theory
258,5,130,MT302,Theory
259,5,125,MT308,Theory
260,5,457,MT306,Theory
261,5,462,MT362,Elective
262,5,458,MT304,Theory
263,5,1430,MT332,Lab
264,5,1431,MT334,Lab
265,5,1432,MT364,Elective
266,5,1433,MT366,Elective
267,5,1434,MT368,Elective
268,5,1435,MT372,Elective
270,19,388,MCA501,Theory
271,19,389,MCA502,Theory
272,19,51,MCA503,Theory
273,19,106,MCA504,Theory
274,19,391,MCA506,Lab
275,19,160,MCA507,Seminar
276,19,393,MCA508,Mini Project
277,19,392,MCA505,Elective
278,39,1437,DMCA601,Theory
279,39,1027,DMCA602,Theory
280,39,1438,DMCA603,Elective
281,39,1439,DMCA604,Seminar
282,39,1029,DMCA605,Mini Project
283,43,1440,DMCA801,Theory
284,43,424,DMCA802,Theory
285,43,1441,DMCA803,Theory
286,43,1442,DMCA804,Elective
287,43,1443,DMCA805,Theory
288,43,1444,DMCA806,Seminar
289,43,1445,DMCA807,Lab
290,32,118,CS120,Lab
291,32,247,PH110,Lab
292,32,405,CE100,Theory
293,32,220,ME100,Theory
294,32,938,EE100,Theory
295,32,1044,EC100,Theory
296,32,546,CS100,Theory
297,32,1043,BE102,Theory
298,32,413,MA102,Theory
299,32,210,CY100,Theory
300,32,112,BE110,Theory
301,32,218,BE100,Theory
302,32,217,PH100,Theory
303,32,225,CE110,Lab
304,32,1522,ME110,Lab
305,32,119,EE110,Lab
306,32,296,EC110,Lab
308,32,229,CY110,Lab
309,7,471,AU010801,Theory
310,7,454,AU010802,Theory
311,7,1446,AU010803,Theory
312,7,1447,AU010804L01,Theory
313,7,1448,AU010805G03,Elective
314,7,1449,AU010805G05,Elective
315,7,1450,AU010806,Lab
316,7,58,AU010807,Final Project
317,7,515,CE010801,Theory
318,7,516,CE010802,Theory
319,7,517,CE010803,Theory
320,7,518,CE010804L05,Theory
321,7,519,CE010805G01,Elective
322,7,520,CE010805G02,Elective
323,7,521,CE010806,LAB
324,7,1451,CE010807,Final Project
325,7,1094,CH010801,Theory
326,7,1095,CH010802,Theory
327,7,1096,CH010803,Theory
328,7,1452,CH010804L02,Elective
329,7,1099,CH010805G04,Elective
330,7,1453,CH010806,Lab
331,7,486,EC010801,Theory
332,7,487,EC010802,Theory
333,7,488,EC010803,Theory
334,7,1070,EC010804LL03,Elective
335,7,1072,EC010805G06,Elective
336,7,489,EC010806,Lab
337,7,58,EC010807,Final Project
338,7,22,CS010801,Theory
339,7,424,CS010802,Theory
340,7,425,CS010803,Theory
341,7,1028,CS010804L01,Elective
342,7,1454,CS010804L03,Elective
343,7,1455,CS010804L06,Elective
344,7,1456,CS010805G02,Elective
345,7,1457,CS010805G04,Elective
346,7,428,CS010806,LAB
347,7,1451,CS010807,Final Project
348,7,555,EE010801,Theory
349,7,556,EE010802,Theory
350,7,557,EE010803,Theory
351,7,1458,EE010804L01,Elective
352,7,9,EE010804L02,Elective
353,7,560,EE010805G06,Theory
354,7,561,EE010806,Lab
355,7,1451,EE010807,Final Project
356,7,486,IT010801,Theory
357,7,1440,IT010802,Theory
358,7,424,IT010803,Theory
359,7,940,IT010806,Lab
360,7,1451,IT010807,Final Project
361,7,1459,IT010804L03,Elective
362,7,1460,IT010805G04,Elective
363,7,471,ME010801,Theory
364,7,454,ME010802,Theory
365,7,537,ME010803,Theory
366,7,538,ME010804L05,Elective
367,7,455,ME010805G01,Elective
368,7,1045,ME010806,Lab
369,7,58,ME010807,Final Project
370,7,1461,MT010801,Theory
371,7,452,MT010802,Theory
372,7,453,MT010803,Theory
373,7,1462,MT010804,Theory
374,7,1463,MT010,Theory
375,7,456,MT010806,Lab
376,7,58,MT010807,Final Project
377,7,58,CH010807,Final Project
378,10,393,04CE6192,Mini Project
379,10,847,04CE6194,Lab
380,10,848,04CE6102,Theory
381,10,850,04CE6118,Elective
382,10,519,04CE6104,Theory
383,10,849,04CE6116,Elective
384,10,844,04CE6106,Theory
385,10,1464,04CE6108,Elective
386,10,1465,04CE6112,Elective
387,10,1466,04CE6114,Elective
388,10,1467,04CE6122,Elective
389,10,1468,04CE6124,Elective
390,10,1469,04CE6126,Elective
391,10,399,04EC6394,Lab
392,10,393,04EC6392,Mini Project
393,10,397,04EC6308,Elective
394,10,1470,04EC6312,Elective
395,10,1471,04EC6314,Elective
396,10,1472,04EC6316,Elective
397,10,1473,04EC6318,Elective
398,10,1474,04EC6322,Elective
399,10,1475,04EC6324,Elective
400,10,1476,04EC6326,Elective
401,10,396,04EC6306,Theory
402,10,394,04EC6302,Theory
403,10,432,04CS6114,Elective
404,10,433,04CS6122,Elective
405,10,434,04CS6194,Lab
406,10,393,04CS6192,Mini Project
407,10,429,04CS6102,Theory
408,10,430,04CS6104,Theory
409,10,431,04CS6106,Theory
410,10,1477,04CS6108,Elective
411,10,1478,04CS6112,Elective
412,10,1479,04CS6116,Elective
413,10,1454,04CS6118,Elective
414,10,1480,04CS6124,Elective
415,10,177,04CS6126,Elective
416,10,395,04EC6304,Theory
417,10,856,04EE6444,Elective
418,10,1481,04EE6200,Elective
419,10,1482,04EE6434,Elective
420,10,1483,04EE6604,Elective
421,10,860,04EE6594,Lab
422,10,393,04EE6592,Mini Project
423,10,862,04EE6502,Theory
424,10,857,04EE6304,Theory
425,10,859,04EE6508,Elective
426,10,1484,04EE6512,Elective
427,10,1485,04EE6514,Elective
428,10,1486,04EE6516,Elective
429,10,858,04EE6504,Theory
430,10,1487,04ME6508,Elective
431,10,851,04ME6594,Lab
432,10,393,04ME6592,Mini Project
433,10,1136,04ME6506,Theory
434,10,32,04ME6512,Elective
435,10,1488,04ME6514,Elective
436,10,404,04ME6504,Theory
437,10,519,04ME6502,Theory
438,10,541,04ME6518,Elective
439,10,1489,04ME6522,Elective
440,10,1469,04ME6516,Elective
441,10,1504,04ME6524,Elective
442,10,1491,04ME6526,Elective
443,10,1102,04CH6112,Elective
444,10,873,04CH6118,Elective
445,10,875,04CH6104,Theory
446,10,871,04CH6106,Theory
447,10,870,04CH6102,Theory
448,10,393,04CH6192,Mini Project
449,10,876,04CH6194,Lab
450,10,1492,04CH6108,Elective
451,10,1493,04CH6114,Elective
452,10,872,04CH6116,Elective
453,10,1494,04CH6122,Elective
454,10,1495,04CH6124,Elective
455,10,1496,04CH6126,Elective
456,10,1133,04EE6308,Elective
457,10,855,04EE6002,Elective
458,10,1132,04EE6432,Elective
459,10,1497,04EE6106,Elective
460,10,1498,04EE6506,Elective
461,10,1499,04EE6118,Elective
462,10,1500,04EE6212,Elective
463,10,393,04EE6492,Mini Project
464,10,553,04EE6390,Lab
465,10,854,04EE6418,Theory
466,10,852,04EE6302,Theory
467,10,853,04EE6602,Theory
468,10,393,04CE6492,Mini Project
469,10,847,04CE6494,Lab
470,10,845,04CE6416,Elective
471,10,519,04CE6404,Theory
472,10,843,04CE6402,Theory
473,10,846,04CE6424,Elective
474,10,844,04CE6406,Theory
475,10,1464,04CE6408,Elective
476,10,1501,04CE6412,Elective
477,10,1502,04CE6414,Elective
478,10,292,04CE6418,Elective
479,10,1467,04CE6422,Elective
480,10,1503,04CE6426,Elective
481,16,1127,04EE7494,Final Project
482,16,1127,04CE7194,Final Project
483,16,1127,04EC7394,Final Project
484,16,1127,04CE7494,Final Project
485,16,1127,04CS7194,Final Project
486,16,1127,04ME7594,Final Project
487,16,1127,04EE7594,Final Project
488,16,1127,04CH7194,Final Project
489,5,1352,CE352,Comprehensive Exam
490,5,1352,MT352,Comprehensive Exam
491,32,60,English-S2,Theory
492,35,959,INMCA107,Theory
493,28,959,INMCA107,Theory
494,3,60,English-S4,Theory
495,10,1490,04ME7501,Elective
496,48,1505,16PhDE017,Theory
497,48,1506,04EE6506,Elective
499,5,60,English-S6,Theory
500,32,60,Eng-S2,Theory
501,0,21,O100,Other
502,0,199,P100,Other
503,0,228,L100,Other
504,0,966,C100,Other
505,0,1229,M100,Other
506,0,60,EA100,Other
507,35,60,INMCA101,Theory
508,35,232,INMCA103,Theory
509,35,1248,INMCA105,Theory
510,35,960,INMCA109,Theory
511,35,961,INMCA131,Lab
512,35,239,INMCA133,Lab
514,41,53,INMCA201,Theory
515,41,1,INMCA203,Theory
516,41,1225,INMCA205,Theory
517,41,400,INMCA207,Theory
518,41,1226,INMCA209,Theory
519,41,1227,INMCA231,Lab
520,41,1228,INMCA233,Lab
521,19,1243,RLMCA301,Theory
522,19,1028,RLMCA303,Theory
523,19,497,RLMCA305,Theory
524,19,50,RLMCA361,Elective
525,19,1507,RLMCA363,Elective
526,19,1238,RLMCA365,Elective
527,19,1508,RLMCA367,Elective
528,19,1240,RLMCA369,Elective
529,19,1509,RLMCA371,Elective
530,19,975,RLMCA381,Elective
531,19,1510,RLMCA383,Elective
532,19,1454,RLMCA385,Elective
533,19,51,RLMCA387,Elective
534,19,1511,RLMCA389,Elective
535,19,424,RLMCA391,Elective
536,19,256,RLMCA341,Seminar
537,19,393,RLMCA351,Mini Project
538,45,50,RLMCA361,Elective
539,45,1507,RLMCA363,Elective
540,45,1238,RLMCA365,Elective
541,45,1508,RLMCA367,Elective
542,45,1509,RLMCA371,Elective
543,45,1510,RLMCA383,Elective
544,45,1454,RLMCA385,Elective
545,45,51,RLMCA387,Elective
546,45,1511,RLMCA389,Elective
547,45,424,RLMCA391,Elective
548,42,1512,DMCA701,Theory
549,42,1290,DMCA702,Theory
550,42,1239,DMCA703,Theory
551,42,1242,DMCA704,Theory
552,42,1240,DMCA705,Theory
553,42,1513,DMCA706,Lab
554,42,1514,DMCA707,Lab
555,49,255,DMCA901,Theory
556,49,1376,DMCA902,Theory
557,49,1515,DMCA903,Theory
558,49,1516,DMCA904,Theory
559,49,1517,DMCA905(A),Elective
560,49,1518,DMCA905(B),Elective
561,49,1519,DMCA905(C),Elective
562,49,1520,DMCA906,Lab
563,49,1521,DMCA907,Lab
564,29,209,MA101,Theory
565,29,217,PH100,Theory
566,29,210,CY100,Theory
567,29,218,BE100,Theory
568,29,112,BE110,Theory
569,29,183,BE103,Theory
570,29,405,CE100,Theory
571,29,220,ME100,Theory
572,29,938,EE100,Theory
573,29,1044,EC100,Theory
574,29,247,PH110,Lab
575,29,229,CY110,Lab
576,29,1522,ME110,Lab
577,29,1523,U100,Lab
578,29,1524,V100,Lab
579,32,885,MA201,Theory
580,32,1525,EE201,Theory
581,32,919,EE203,Theory
582,32,542,EE205,Theory
583,32,546,EE207,Theory
584,32,1066,HS200,Theory
585,32,1066,HS210,Theory
586,32,920,EE231,Lab
587,32,41,EE233,Lab
588,32,72,ME201,Theory
589,32,932,ME203,Theory
590,32,61,ME205,Theory
591,32,26,ME210,Theory
592,32,934,ME231,Lab
593,32,75,CE230,Lab
594,32,931,CE201,Theory
595,32,71,CE203,Theory
596,32,986,CE205,Theory
597,32,73,CE207,Theory
598,32,503,CE231,Lab
599,32,76,CE233,Lab
600,32,162,EC201,Theory
601,32,163,EC203,Theory
602,32,1526,EC205,Theory
603,32,923,EC207,Theory
604,32,924,EC231,Lab
605,32,1219,EC233,Lab
606,32,1005,CS201,Theory
607,32,39,CS203,Theory
608,32,912,CS205,Theory
609,32,40,CS207,Theory
610,32,915,CS231,Lab
611,32,548,CS233,Lab
612,32,907,CH201,Theory
613,32,909,CH203,Theory
614,32,187,CH205,Theory
615,32,910,CH207,Theory
616,32,911,CH231,Lab
617,32,913,CH233,Lab
618,32,886,ME200,Theory
619,32,887,AU201,Theory
620,32,33,AU203,Theory
621,32,889,ME230,Lab
622,32,167,IT201,Theory
623,32,96,IT203,Theory
624,32,916,IT231,Lab
625,4,1527,EE301,Theory
626,4,1528,EE303,Theory
627,4,147,EE305,Theory
628,4,1529,EE307,Theory
629,4,1530,EE309,Theory
630,4,1205,EE341,Mini Project
631,4,1531,EE331,Lab
632,4,561,EE333,Lab
633,4,1206,ME301,Theory
634,4,1532,ME303,Theory
635,4,1208,ME305,Theory
636,4,1533,EE311,Theory
637,4,43,HS300,Theory
638,4,1205,ME341,Lab
639,4,63,EE335,Lab
640,4,1314,ME331,Lab
641,4,78,CE301,Theory
642,4,1534,CE303,Theory
643,4,1535,CE305,Theory
644,4,1204,CE307,Theory
645,4,511,CE309,Theory
646,4,1205,CE341,Theory
647,4,1536,CE331,Lab
648,4,83,CE333,Lab
649,4,45,EC301,Theory
650,4,169,EC303,Theory
651,4,1537,EC305,Theory
652,4,1220,EC307,Theory
653,4,1205,EC341,Lab
654,4,1222,EC333,Lab
655,4,1223,EC335,Lab
656,4,418,CS301,Theory
657,4,244,CS303,Theory
658,4,1211,CS305,Theory
659,4,96,CS307,Theory
660,4,1214,CS309,Theory
661,4,1205,CS341,Lab
662,4,1212,CS331,Lab
663,4,1213,CS333,Lab
664,4,443,CH301,Theory
665,4,192,CH303,Theory
666,4,189,CH305,Theory
667,4,1244,CH307,Theory
668,4,1205,CH341,Lab
669,4,450,CH331,Lab
670,4,1247,CH333,Lab
671,4,1231,ME307,Theory
672,4,1538,ME309,Theory
673,4,482,ME311,Theory
674,4,1232,AU307,Theory
675,4,1205,AU341,Lab
676,4,532,ME333,Lab
677,4,1234,ME335,Lab
678,4,1539,IT301,Theory
679,4,418,IT303,Theory
680,4,4,IT305,Theory
681,4,9,IT307,Theory
682,4,1205,IT341,Lab
683,4,1250,IT331,Lab
684,4,47,IT333,Lab
685,4,292,CE361,Theory
686,4,1540,CE363,Elective
687,4,1541,CE365,Elective
688,4,1542,CE367,Elective
689,4,1543,CE369,Elective
690,4,1544,CE371,Elective
691,4,1545,CE373,Elective
692,4,1546,ME361,Elective
693,4,1209,ME363,Elective
694,4,1547,ME365,Elective
695,4,1548,ME367,Elective
696,4,1210,ME369,Elective
697,4,1549,ME371,Elective
698,4,1550,ME373,Elective
699,4,415,EE361,Elective
700,4,240,EE363,Elective
701,4,167,EE365,Elective
702,4,1551,EE367,Elective
703,4,1552,EE369,Elective
704,4,167,EC361,Elective
705,4,1553,EC363,Elective
706,4,1221,EC365,Elective
707,4,1402,EC360,Elective
708,4,12,CS361,Elective
709,4,1529,CS363,Elective
710,4,1553,CS365,Elective
711,4,1554,CS367,Elective
712,4,1555,CS369,Elective
713,4,1091,CH361,Elective
714,4,1245,CH363,Elective
715,4,1556,CH365,Elective
716,4,1557,CH367,Elective
717,4,1201,CH369,Elective
718,4,1558,CH371,Elective
719,4,1559,AU361,Elective
720,4,1560,AU363,Elective
721,4,1561,AU365,Elective
722,4,1562,IT361,Elective
723,4,422,ITCS_363,Elective
724,4,1563,IT365,Elective
725,4,1564,IT367,Elective
726,4,1565,MA361,Elective
727,2,885,MA201,Theory
728,2,1525,EE201,Theory
729,2,919,EE203,Theory
730,2,542,EE205,Theory
731,2,546,EE207,Theory
732,2,1066,HS200,Theory
733,2,1066,HS210,Theory
734,2,920,EE231,Lab
735,2,41,EE233,Lab
736,2,72,ME201,Theory
737,2,932,ME203,Theory
738,2,61,ME205,Theory
739,2,26,ME210,Theory
740,2,934,ME231,Lab
741,2,75,CE230,Lab
742,2,931,CE201,Theory
743,2,71,CE203,Theory
744,2,986,CE205,Theory
745,2,73,CE207,Theory
746,2,503,CE231,Lab
747,2,76,CE233,Lab
748,2,162,EC201,Theory
749,2,163,EC203,Theory
750,2,1526,EC205,Theory
751,2,923,EC207,Theory
752,2,924,EC231,Lab
753,2,1219,EC233,Lab
754,2,1005,CS201,Theory
755,2,39,CS203,Theory
756,2,912,CS205,Theory
757,2,40,CS207,Theory
758,2,915,CS231,Lab
759,2,548,CS233,Lab
760,2,907,CH201,Theory
761,2,909,CH203,Theory
762,2,187,CH205,Theory
763,2,910,CH207,Theory
764,2,911,CH231,Lab
765,2,913,CH233,Lab
766,2,886,ME200,Theory
767,2,887,AU201,Theory
768,2,33,AU203,Theory
769,2,889,ME230,Lab
770,2,167,IT201,Theory
771,2,96,IT203,Theory
772,2,916,IT231,Lab
773,6,1566,EE401,Theory
774,6,1567,EE403,Theory
775,6,557,EE405,Theory
776,6,45,EE407,Theory
777,6,1568,EE409,Theory
778,6,1569,EE451,Seminar
779,6,1570,EE431,Lab
780,6,139,ME401,Theory
781,6,1571,ME403,Theory
782,6,67,ME405,Theory
783,6,1572,ME407,Theory
784,6,1573,ME409,Theory
785,6,1569,ME451,Seminar
786,6,1574,ME431,Lab
787,6,507,CE401,Theory
788,6,417,CE403,Theory
789,6,85,CE405,Theory
790,6,1575,CE407,Theory
791,6,80,CE409,Theory
792,6,1569,CE451,Lab
793,6,521,CE431,Lab
794,6,1416,EC401,Theory
795,6,1576,EC403,Theory
796,6,1577,EC405,Theory
797,6,1578,EC407,Theory
798,6,166,EC409,Theory
799,6,1569,EC451,Lab
800,6,1579,EC431,Lab
801,6,51,CS401,Theory
802,6,1580,CS403,Theory
803,6,1581,CS405,Theory
804,6,1515,CS407,Theory
805,6,1440,CS409,Theory
806,6,1569,CS451,Seminar
807,6,1582,CS431,Lab
808,6,1583,CH401,Theory
809,6,898,CH403,Theory
810,6,1584,CH405,Theory
811,6,902,CH407,Theory
812,6,1585,CH409,Theory
813,6,1569,CH451,Final Project
814,6,1586,CH431,Lab
815,6,1587,AU401,Theory
816,6,1588,AU403,Theory
817,6,1589,AU405,Theory
818,6,1590,AU407,Theory
819,6,1591,AU409,Theory
820,6,1569,AU451,Lab
821,6,1592,AU431,Lab
822,6,177,IT401,Theory
823,6,1012,IT403,Theory
824,6,1593,IT405,Theory
825,6,1594,IT407,Theory
826,6,1595,IT409,Theory
827,6,1569,IT451,Final Project
828,6,940,IT431,Lab
829,6,1596,CE461,Elective
830,6,848,CE463,Elective
831,6,1597,CE465,Elective
832,6,1598,CE467,Elective
833,6,1599,CE469,Elective
834,6,515,CE471,Elective
835,6,1600,CE473,Elective
836,6,1601,ME461,Elective
837,6,1602,ME463,Elective
838,6,1603,ME465,Elective
839,6,1604,IE306,Elective
840,6,1605,ME467,Elective
841,6,519,ME469,Elective
842,6,1553,ME471,Elective
843,6,1606,EE461,Elective
844,6,1607,EE463,Elective
845,6,203,EE465,Elective
846,6,1608,EE467,Elective
847,6,1609,EE469,Elective
848,6,1610,EC461,Elective
849,6,1611,EC463,Elective
850,6,1612,EC465,Elective
851,6,1613,EC467,Elective
852,6,1614,EC469,Elective
853,6,1615,CS461,Elective
854,6,928,CS463,Elective
855,6,1616,CS465,Elective
856,6,1617,CS467,Elective
857,6,1618,CS469,Elective
858,6,1619,CH461,Elective
859,6,1620,CH463,Elective
860,6,1621,CH465,Elective
861,6,1092,CH467,Elective
862,6,1622,CH469,Elective
863,6,1623,CH471,Elective
864,6,1624,AU461,Elective
865,6,1625,AU463,Elective
866,6,1626,AU465,Elective
867,6,1627,AU410,Elective
868,6,1628,IT461,Elective
869,6,1629,IT463,Elective
870,6,1238,IT465,Elective
871,14,1630,04CH6101,Theory
872,14,270,04CH6103,Theory
873,14,1631,04CH6105,Theory
874,14,272,04CH6107,Theory
875,14,255,04GN6001,Theory
876,14,57,04CH6191,Seminar
877,14,1632,04CH6193,Lab
878,14,1633,04CH6109,Elective
879,14,1634,04CH6111,Elective
880,14,1635,04CH6113,Elective
881,14,1636,04CH6115,Elective
882,14,288,04CE6101,Theory
883,14,289,04CE6103,Theory
884,14,290,04CE6105,Theory
885,14,291,04CE6107,Theory
886,14,160,04CE6191,Seminar
887,14,90,04CE6193,Lab
888,14,1637,04CE6109,Elective
889,14,1638,04CE6111,Elective
890,14,292,04CE6113,Elective
891,14,288,04CE6401,Theory
892,14,289,04CE6403,Theory
893,14,294,04CE6405,Theory
894,14,291,04CE6407,Theory
895,14,1639,04CE6409,Elective
896,14,290,04CE6411,Elective
897,14,295,04CE6413,Elective
898,14,1640,04CE6415,Elective
899,14,160,04CE6491,Seminar
900,14,1641,04CE6493,Lab
901,14,250,04EC6301,Theory
902,14,251,04EC6303,Theory
903,14,252,04EC6305,Theory
904,14,253,04EC6307,Elective
905,14,1642,04EC6309,Elective
906,14,254,04EC6311,Elective
907,14,1643,04EC6313,Elective
908,14,1644,04EC6315,Elective
909,14,160,04EC6391,Lab
910,14,257,04EC6393,Lab
911,14,282,04CS6101,Theory
912,14,283,04CS6103,Theory
913,14,284,04CS6105,Theory
914,14,285,04CS6107,Theory
915,14,1645,04CS6109,Elective
916,14,286,04CS6111,Elective
917,14,1646,04CS6113,Elective
918,14,1647,04CS6115,Elective
919,14,1648,04CS6191,Lab
920,14,287,04CS6193,Lab
921,14,258,04EE6001,Theory
922,14,1649,04EE6501,Theory
923,14,1650,04EE6503,Theory
924,14,261,04EE6303,Theory
925,14,262,04EE6505,Elective
926,14,1651,04EE6507,Elective
927,14,1652,04EE6509,Elective
928,14,1653,04EE6511,Elective
929,14,1654,04EE6591,Lab
930,14,1655,04EE6593,Lab
931,14,264,04EE6301,Theory
932,14,1656,04EE6403,Theory
933,14,1309,04EE6405,Theory
934,14,1657,04EE6103,Elective
935,14,1481,04EE6200,Elective
936,14,1658,04EE6205,Elective
937,14,1659,04EE6300,Elective
938,14,1660,04EE6491,Lab
939,14,1661,04EE6493,Lab
940,14,276,04ME6501,Theory
941,14,277,04ME6503,Theory
942,14,278,04ME6505,Theory
943,14,279,04ME6507,Theory
944,14,57,04ME6591,Lab
945,14,281,04ME6593,Lab
946,14,1662,04ME6509,Elective
947,14,280,04ME6511,Elective
948,14,1209,04ME6513,Elective
949,14,1663,04ME6515,Elective
950,15,1664,04CH7101,Elective
951,15,1665,04CH7103,Elective
952,15,1666,04CH7105,Elective
953,15,983,04CH7107,Elective
954,15,1667,04CH7109,Elective
955,15,1668,04CH7111,Elective
956,15,1669,04CH7113,Elective
957,15,1670,04CH7115,Elective
958,15,57,04CH7191,Lab
959,15,1671,04CH7193,Lab
960,15,1672,04CE7101,Elective
961,15,1673,04CE7103,Elective
962,15,1674,04CE7105,Elective
963,15,971,04CE7107,Elective
964,15,1675,04CE7109,Elective
965,15,1676,04CE7111,Elective
966,15,1677,04CE7113,Elective
967,15,1678,04CE7115,Elective
968,15,1679,04CE7191,Seminar
969,15,1680,04CE7193,Final Project
970,15,1681,04CE7401,Elective
971,15,1682,04CE7403,Elective
972,15,1683,04CE7405,Elective
973,15,971,04CE7407,Elective
974,15,1674,04CE7409,Elective
975,15,1684,04CE7411,Elective
976,15,1677,04CE7413,Elective
977,15,1685,04CE7415,Elective
978,15,1686,04CE7491,Seminar
979,15,1687,04CE7493,Final Project
980,15,1688,04EC7301,Elective
981,15,1689,04EC7303,Elective
982,15,975,04EC7305,Elective
983,15,1690,04EC7307,Elective
984,15,1691,04EC7309,Elective
985,15,976,04EC7311,Elective
986,15,1379,04EC7313,Elective
987,15,1692,04EC7315,Elective
988,15,57,04EC7391,Lab
989,15,1693,04EC7393,Lab
990,15,1238,04CS7101,Elective
991,15,1694,04CS7103,Elective
992,15,1695,04CS7105,Elective
993,15,1696,04CS7107,Elective
994,15,970,04CS7109,Elective
995,15,1379,04CS7111,Elective
996,15,1376,04CS7113,Elective
997,15,1697,04CS7115,Elective
998,15,1698,04CS7191,Seminar
999,15,1699,04CS7193,Lab
1000,15,1700,04EE7501,Elective
1001,15,867,04EE7505,Elective
1002,15,1701,04EE7507,Elective
1003,15,1702,04EE7509,Elective
1004,15,1703,04EE7001,Elective
1005,15,1704,04EE7113,Elective
1006,15,1705,04EE7423,Elective
1007,15,1706,04EE7591,Seminar
1008,15,1699,04EE7593,Final Project
1009,15,1707,04EE7105,Elective
1010,15,980,04EE7303,Elective
1011,15,1708,04EE7409,Elective
1012,15,1217,04EE7503,Elective
1013,15,1710,04EE7307,Elective
1014,15,1711,04EE7603,Elective
1015,15,1712,04EE7491,Lab
1016,15,1699,04EE7493,Final Project
1017,15,1490,04ME7501,Elective
1018,15,988,04ME7503,Elective
1019,15,1713,04ME7505,Elective
1020,15,1371,04ME7507,Elective
1021,15,1714,04ME7509,Elective
1022,15,989,04ME7511,Elective
1023,15,1715,04ME7513,Elective
1024,15,1716,04ME7515,Elective
1025,15,57,04ME7591,Lab
1026,15,1680,04ME7593,Lab
1028,39,21,O100,Other
1029,39,1718,P100,Other
1030,39,228,L100,Other
1031,39,966,C100,Other
1032,39,1229,M100,Other
1033,39,1719,EA100,Other
1034,5,21,O100,Other
1035,5,1718,P100,Other
1036,5,228,L100,Other
1037,5,966,C100,Other
1038,5,1229,M100,Other
1039,5,1719,EA100,Other
1040,1,21,O100,Other
1041,1,1718,P100,Other
1042,1,228,L100,Other
1043,1,966,C100,Other
1044,1,1229,M100,Other
1045,1,1719,EA100,Other
1046,50,21,O100,Other
1047,50,1718,P100,Other
1048,50,228,L100,Other
1049,50,966,C100,Other
1050,50,1229,M100,Other
1051,50,1719,EA100,Other
1052,25,21,O100,Other
1053,25,1718,P100,Other
1054,25,228,L100,Other
1055,25,966,C100,Other
1056,25,1229,M100,Other
1057,25,1719,EA100,Other
1058,31,21,O100,Other
1059,31,1718,P100,Other
1060,31,228,L100,Other
1061,31,966,C100,Other
1062,31,1229,M100,Other
1063,31,1719,EA100,Other
1064,33,21,O100,Other
1065,33,1718,P100,Other
1066,33,228,L100,Other
1067,33,966,C100,Other
1068,33,1229,M100,Other
1069,33,1719,EA100,Other
1070,34,21,O100,Other
1071,34,1718,P100,Other
1072,34,228,L100,Other
1073,34,966,C100,Other
1074,34,1229,M100,Other
1075,34,1719,EA100,Other
1076,42,21,O100,Other
1077,42,1718,P100,Other
1078,42,228,L100,Other
1079,42,966,C100,Other
1080,42,1229,M100,Other
1081,42,1719,EA100,Other
1082,43,21,O100,Other
1083,43,1718,P100,Other
1084,43,228,L100,Other
1085,43,966,C100,Other
1086,43,1229,M100,Other
1087,43,1719,EA100,Other
1088,49,21,O100,Other
1089,49,1718,P100,Other
1090,49,228,L100,Other
1091,49,966,C100,Other
1092,49,1229,M100,Other
1093,49,1719,EA100,Other
1094,35,21,O100,Other
1095,35,1718,P100,Other
1096,35,228,L100,Other
1097,35,966,C100,Other
1098,35,1229,M100,Other
1099,35,1719,EA100,Other
1100,37,21,O100,Other
1101,37,1718,P100,Other
1102,37,228,L100,Other
1103,37,966,C100,Other
1104,37,1229,M100,Other
1105,37,1719,EA100,Other
1106,41,21,O100,Other
1107,41,1718,P100,Other
1108,41,228,L100,Other
1109,41,966,C100,Other
1110,41,1229,M100,Other
1111,41,1719,EA100,Other
1112,44,21,O100,Other
1113,44,1718,P100,Other
1114,44,228,L100,Other
1115,44,966,C100,Other
1116,44,1229,M100,Other
1117,44,1719,EA100,Other
1118,46,21,O100,Other
1119,46,1718,P100,Other
1120,46,228,L100,Other
1121,46,966,C100,Other
1122,46,1229,M100,Other
1123,46,1719,EA100,Other
1124,47,21,O100,Other
1125,47,1718,P100,Other
1126,47,228,L100,Other
1127,47,966,C100,Other
1128,47,1229,M100,Other
1129,47,1719,EA100,Other
1130,23,21,O100,Other
1131,23,1718,P100,Other
1132,23,228,L100,Other
1133,23,966,C100,Other
1134,23,1229,M100,Other
1135,23,1719,EA100,Other
1136,38,21,O100,Other
1137,38,1718,P100,Other
1138,38,228,L100,Other
1139,38,966,C100,Other
1140,38,1229,M100,Other
1141,38,1719,EA100,Other
1142,45,21,O100,Other
1143,45,1718,P100,Other
1144,45,228,L100,Other
1145,45,966,C100,Other
1146,45,1229,M100,Other
1147,45,1719,EA100,Other
1148,27,21,O100,Other
1149,27,1718,P100,Other
1150,27,228,L100,Other
1151,27,966,C100,Other
1152,27,1229,M100,Other
1153,27,1719,EA100,Other
1154,26,21,O100,Other
1155,26,1718,P100,Other
1156,26,228,L100,Other
1157,26,966,C100,Other
1158,26,1229,M100,Other
1159,26,1719,EA100,Other
1160,40,21,O100,Other
1161,40,1718,P100,Other
1162,40,228,L100,Other
1163,40,966,C100,Other
1164,40,1229,M100,Other
1165,40,1719,EA100,Other
1166,17,21,O100,Other
1167,17,1718,P100,Other
1168,17,228,L100,Other
1169,17,966,C100,Other
1170,17,1229,M100,Other
1171,17,1719,EA100,Other
1172,13,21,O100,Other
1173,13,1718,P100,Other
1174,13,228,L100,Other
1175,13,966,C100,Other
1176,13,1229,M100,Other
1177,13,1719,EA100,Other
1178,18,21,O100,Other
1179,18,1718,P100,Other
1180,18,228,L100,Other
1181,18,966,C100,Other
1182,18,1229,M100,Other
1183,18,1719,EA100,Other
1184,12,21,O100,Other
1185,12,1718,P100,Other
1186,12,228,L100,Other
1187,12,966,C100,Other
1188,12,1229,M100,Other
1189,12,1719,EA100,Other
1190,19,21,O100,Other
1191,19,1718,P100,Other
1192,19,228,L100,Other
1193,19,966,C100,Other
1194,19,1229,M100,Other
1195,19,1719,EA100,Other
1196,11,21,O100,Other
1197,11,1718,P100,Other
1198,11,228,L100,Other
1199,11,966,C100,Other
1200,11,1229,M100,Other
1201,11,1719,EA100,Other
1202,14,21,O100,Other
1203,14,1718,P100,Other
1204,14,228,L100,Other
1205,14,966,C100,Other
1206,14,1229,M100,Other
1207,14,1719,EA100,Other
1208,10,21,O100,Other
1209,10,1718,P100,Other
1210,10,228,L100,Other
1211,10,966,C100,Other
1212,10,1229,M100,Other
1213,10,1719,EA100,Other
1214,15,21,O100,Other
1215,15,1718,P100,Other
1216,15,228,L100,Other
1217,15,966,C100,Other
1218,15,1229,M100,Other
1219,15,1719,EA100,Other
1220,16,21,O100,Other
1221,16,1718,P100,Other
1222,16,228,L100,Other
1223,16,966,C100,Other
1224,16,1229,M100,Other
1225,16,1719,EA100,Other
1226,29,21,O100,Other
1227,29,1718,P100,Other
1228,29,228,L100,Other
1229,29,966,C100,Other
1230,29,1229,M100,Other
1231,29,1719,EA100,Other
1232,8,21,O100,Other
1233,8,1718,P100,Other
1234,8,228,L100,Other
1235,8,966,C100,Other
1236,8,1229,M100,Other
1237,8,1719,EA100,Other
1238,32,21,O100,Other
1239,32,1718,P100,Other
1240,32,228,L100,Other
1241,32,966,C100,Other
1242,32,1229,M100,Other
1243,32,1719,EA100,Other
1244,2,21,O100,Other
1245,2,1718,P100,Other
1246,2,228,L100,Other
1247,2,966,C100,Other
1248,2,1229,M100,Other
1249,2,1719,EA100,Other
1250,3,21,O100,Other
1251,3,1718,P100,Other
1252,3,228,L100,Other
1253,3,966,C100,Other
1254,3,1229,M100,Other
1255,3,1719,EA100,Other
1256,4,21,O100,Other
1257,4,1718,P100,Other
1258,4,228,L100,Other
1259,4,966,C100,Other
1260,4,1229,M100,Other
1261,4,1719,EA100,Other
1262,6,21,O100,Other
1263,6,1718,P100,Other
1264,6,228,L100,Other
1265,6,966,C100,Other
1266,6,1229,M100,Other
1267,6,1719,EA100,Other
1268,7,21,O100,Other
1269,7,1718,P100,Other
1270,7,228,L100,Other
1271,7,966,C100,Other
1272,7,1229,M100,Other
1273,7,1719,EA100,Other
1274,32,77,IT_CS100,Theory
1275,32,118,IT_CS120,Lab
1276,29,216,BE101-05,Theory
1277,29,225,CE110,Lab
1278,29,119,EE110,Lab
1279,29,296,EC110,Lab
1280,29,1723,CS110,Lab
1281,29,1724,CH110,Lab
1282,29,1723,IT-CS110,Lab
1283,2,892,MT201,Theory
1284,2,893,MT203,Theory
1285,2,894,MT205,Theory
1286,2,895,MT231,Lab
1287,2,1725,MT233,Lab
1288,2,470,MT234,Lab
1289,2,908,IT_CS201,Theory
1290,2,912,IT_CS205,Theory
1291,2,915,IT_CS231,Lab
1292,3,240,IT_CS202,Theory
1293,3,1059,IT_CS208,Theory
1294,4,1211,IT_CS305,Theory
1295,4,122,MT301,Theory
1296,4,1726,MT303,Elective
1297,4,1727,MT305,Elective
1298,4,459,MT307,Elective
1299,4,1728,MT361,Elective
1300,4,1729,MT363,Elective
1301,4,143,ME375,Elective
1302,4,467,MT365,Elective
1303,4,1730,MT367,Elective
1304,4,1731,MT331,Lab
1305,4,1732,MT333,Lab
1306,4,1205,MT341,Mini Project
1310,5,1378,CS308,Theory
1412,29,216,IT_BE101-05,Theory
1315,5,1376,IT_CS304,Theory
1316,6,1617,IT_CS467,Elective
1317,6,538,MT401,Theory
1318,6,1733,MT403,Elective
1319,6,1734,MT405,Elective
1320,6,134,MT407,Theory
1321,6,1735,MT409,Theory
1322,6,136,MT461,Elective
1323,6,1736,MT463,Elective
1324,6,1737,MT465,Elective
1325,6,1738,MT467,Elective
1326,6,1739,MT469,Elective
1327,6,1740,MT431,Lab
1328,6,1741,MT451,Final Project
1329,7,1742,AU402,Theory
1330,7,1743,AU462,Elective
1331,7,472,AU464,Elective
1332,7,1744,AU468,Elective
1333,7,1429,AU472,Elective
1334,7,1745,AU466,Elective
1335,7,1746,AU404,Theory
1336,7,58,CE492,Final Project
1337,7,517,CE402,Theory
1338,7,1747,CE462,Elective
1339,7,1748,CE464,Elective
1340,7,1749,CE466,Elective
1341,7,1750,CE468,Elective
1342,7,1751,CE472,Elective
1343,7,1752,CE474,Elective
1344,7,1753,CE404,Theory
1345,7,1754,CH402,Theory
1346,7,1755,CH404,Theory
1347,7,1756,CH462,Elective
1348,7,1452,CH464,Elective
1349,7,1757,CH466,Elective
1350,7,1758,CH468,Elective
1351,7,1759,CH472,Elective
1352,7,922,CS492,Final Project
1353,7,177,CS404,Theory
1354,7,1760,CS402,Theory
1355,7,1761,CS462,Elective
1356,7,424,CS464,Elective
1357,7,1762,CS466,Elective
1358,7,975,CS468,Elective
1359,7,1763,CS472,Elective
1360,7,58,EC492,Final Project
1361,7,410,EC404,Theory
1362,7,1764,EC402,Theory
1363,7,1765,EC462,Elective
1364,7,1766,EC464,Elective
1365,7,1767,EC466,Elective
1366,7,1768,EC468,Elective
1367,7,1769,EC472,Elective
1368,7,58,EE492,Final Project
1369,7,1770,EE462,Elective
1370,7,1771,EE464,Elective
1371,7,433,EE466,Elective
1372,7,9,EE468,Elective
1373,7,1508,EE472,Elective
1374,7,1772,EE474,Elective
1375,7,1773,EE404,Theory
1376,7,1774,EE402,Theory
1377,7,58,IT492,Final Project
1378,7,1775,IT402,Theory
1379,7,1776,IT404,Theory
1380,7,1508,IT462,Elective
1381,7,1777,IT464,Elective
1382,7,1778,IT466,Elective
1383,7,1779,IT468,Elective
1384,7,58,ME492,Final Project
1385,7,68,ME404,Theory
1386,7,1780,ME402,Theory
1387,7,1781,ME462,Elective
1388,7,1707,ME464,Elective
1389,7,1371,ME466,Elective
1390,7,1782,ME468,Elective
1391,7,1783,ME472,Elective
1392,7,1784,ME474,Elective
1393,7,1785,ME476,Elective
1394,7,58,MT492,Final Project
1395,7,132,MT402,Theory
1396,7,1786,MT404,Theory
1397,7,1787,MT462,Elective
1398,7,1788,MT464,Elective
1399,7,1757,MT466,Elective
1400,7,1789,MT468,Elective
1401,7,1790,MT472,Elective
1402,7,58,AU492,Final Project
1403,7,58,CH492,Final Project
1404,7,975,IT_CS468,Elective
1405,11,884,MCA601,Final Project
1406,29,215,BE101-01,Theory
1407,29,1791,BE10102,Theory
1408,29,222,BE101-03,Theory
1409,29,219,BE101-04,Theory
1410,29,1792,BE101-06,Theory
1411,15,974,04EE7421,Elective
1413,29,215,BE10101,Theory
1414,29,216,BE10105,Theory
1415,50,1794,DMCAX01,Final Project
1420,7,1487,AE482,Elective
1421,7,1796,AE484,Elective
1422,7,1797,AO482,Elective
1423,7,1530,AU484,Elective
1424,7,1798,AU486,Elective
1425,7,1403,BM482,Elective
1426,7,1799,BM484,Elective
1427,7,1800,BT362,Elective
1428,7,1801,BT461,Elective
1429,7,1599,CE482,Elective
1430,7,1802,CE484,Elective
1431,7,1803,CE486,Elective
1432,7,1543,CE488,Elective
1433,7,1804,CE494,Elective
1434,7,1805,CH482,Elective
1435,7,1806,CH484,Elective
1436,7,1221,EC482,Elective
1437,7,1772,EE482,Elective
1438,7,166,EE484,Elective
1439,7,12,EE486,Elective
1440,7,1807,EE488,Elective
1441,7,1808,EE494,Elective
1442,7,1809,FS482,Elective
1443,7,1810,FT482,Elective
1444,7,1811,FT484,Elective
1445,7,1812,FT486,Elective
1446,7,1813,IC482,Elective
1447,7,1814,IE482,Elective
1448,7,1815,IE484,Elective
1449,7,1816,IE486,Elective
1450,7,1817,IE488,Elective
1451,7,1818,IT482,Elective
1452,7,1553,ME471,Elective
1453,7,1498,ME482,Elective
1454,7,519,ME484,Elective
1455,7,1819,MP469,Elective
1456,7,1820,MP482,Elective
1457,7,531,MP484,Elective
1458,7,1572,MR482,Elective
1459,7,455,MT482,Elective
1460,7,1821,SB482,Elective
1461,7,912,CS482,Elective
1462,7,51,CS484,Elective
1463,7,415,CS486,Elective
1464,7,1822,CS488,Elective
1465,1,1823,ENGLISH,Theory
1466,1,1824,MATHEMATICAL FOUNDATION OF COMPUTER SCIENCE,Theory
1467,1,1825,STATISTICS-I,Theory
1468,1,1826,INTRODUCTION TO COMPUTERS & PC HARDWARE,Theory
1469,1,1827,PROGRAMMING METHODOLOGY & C PROGRAMMING,Theory
1470,1,1828,SOFTWARE LAB-1(PC HARDWARE LAB-OFFICE DOCUMENTS),Lab
1471,1,1829,SOFTWARE LAB-11(C LAB),Lab
1472,25,1830,TECHNICAL COMMUNICATION,Theory
1473,25,1831,STATISTICS-II,Theory
1474,25,1832,DIGITAL SYSTEMS & LOGIC DESIGNS,Theory
1475,25,1833,DATA STRUCTURES-C,Theory
1476,25,1834,OBJECT ORIENTED PROGRAMMING WITH C++,Theory
1477,25,1835,SOFTWARE LAB-III(DATA STRUCTURES LAB IN C),Lab
1478,25,1836,SOFTWARE LAB-IV(C++ LAB),Lab
1479,31,1837,COMPUTER ORGANIZATION AND ARCHITECTURE,Theory
1480,31,1838,OPERATING SYSTEMS,Theory
1481,31,1839,DATABASE MANAGEMENT SYSTEMS,Theory
1482,31,1840,ACCOUNTING AND FINANTIAL MANAGEMENT,Theory
1483,31,1841,VISUAL PROGRAMMING(VB),Theory
1484,31,1842,SOFTWARE LAB-V(DBMS LAB),Lab
1485,31,1843,SOFTWARE LAB-VI(VISUAL PROGRAMMING LAB),Lab
1486,33,1844,JAVA PROGRAMMING,Theory
1487,33,1845,MICROPROCESSORS,Theory
1488,33,1846,MULTIMEDIA SYSTEMS,Theory
1489,33,1847,DATA COMMUNICATIONS,Theory
1490,33,1848,MANAGEMENT INFORMATION SYSTEMS,Theory
1491,33,1849,SOFTWARE LAB-VII(JAVA LAB),Lab
1492,33,1850,SOFTWARE LAB-VIII(MICROPROCESSOR LAB) ,Lab
1493,34,1851,OPERATIONS RESEARCH,Theory
1494,34,1852,PHP PROGRAMMING,Theory
1495,34,1853,LINUX & SHELL PROGRAMMING,Theory
1496,34,1854,COMPUTER NETWORKS,Theory
1497,34,1855,SOFTWARE ENGINEERING,Theory
1498,34,1856,SOFTWARE LAB-IX(PHP LAB),Lab
1499,34,1857,SOFTWARE LAB-X(LINUX &SHELL PROGRAMMING LAB),Lab
1500,4,12,CS361,Theory
1501,32,1523,U100,Lab
1502,53,9,RLMCA201,Theory
1503,53,245,RLMCA203,Theory
1504,53,44,RLMCA205,Theory
1505,53,1377,RLMCA207,Theory
1506,53,967,RLMCA209,Theory
1507,53,47,RLMCA231,Lab
1508,53,968,RLMCA233,Lab
1509,29,1858,MAT101,Theory
1510,29,1859,PHT100,Theory
1511,29,1860,PHT110,Theory
1512,29,1861,CYT100,Theory
1513,29,1862,EST100,Theory
1514,29,1863,EST110,Theory
1515,29,1864,EST120,Theory
1516,29,1865,EST130,Theory
1517,29,1866,HUT101,Theory
1518,29,1867,PHL120,Lab
1519,29,1868,CYL120,Lab
1520,29,1869,ESL120,Lab
1521,29,1870,ESL130,Lab
1522,32,1871,MAT102,Theory
1523,32,1859,PHT100,Theory
1524,32,1861,PHT110,Theory
1525,32,1861,CYT100,Theory
1526,32,1862,EST100,Theory
1527,32,1863,EST110,Theory
1528,32,1864,EST120,Theory
1529,32,1865,EST130,Theory
1530,32,1872,HUT102,Theory
1531,32,1873,EST102,Theory
1532,32,1867,PHL120,Lab
1533,32,1868,CYL120,Lab
1534,32,1869,ESL120,Lab
1535,32,1870,ESL130,Lab
1536,2,1874,AU205,Theory
1537,2,1875,AU231,Lab
1538,29,1876,IND100,Other
1539,53,1718,P100,Other
